MNEMONIQUE;Libelle type eq.;Code TOSCANE;Code TED
EM;Escalier Mécanique;49;48
EM;Escalier Mécanique;48;47
PEP;Poste d'Epuisement;211;28
PEP;Poste d'Epuisement;210;27
PEP;Poste d'Epuisement;209;26
PEP;Poste d'Epuisement;208;25
PEP;Poste d'Epuisement;207;24
PEP;Poste d'Epuisement;206;23
PEP;Poste d'Epuisement;205;22
PEP;Poste d'Epuisement;204;21
PEP;Poste d'Epuisement;194;11
PEP;Poste d'Epuisement;193;10
PEP;Poste d'Epuisement;192;9
PEP;Poste d'Epuisement;191;8
PEP;Poste d'Epuisement;190;7
PEP;Poste d'Epuisement;189;6
PEP;Poste d'Epuisement;188;5
PEP;Poste d'Epuisement;187;4
Trottoir_Roulant;Trottoir Roulant;143;1000
Trottoir_Roulant;Trottoir Roulant;142;66
Trottoir_Roulant;Trottoir Roulant;141;65
Trottoir_Roulant;Trottoir Roulant;140;64
Trottoir_Roulant;Trottoir Roulant;139;63
Trottoir_Roulant;Trottoir Roulant;138;62
Trottoir_Roulant;Trottoir Roulant;137;61
Trottoir_Roulant;Trottoir Roulant;136;60
ADA;Armoire Distribution Automatique;2039;10
ADA;Armoire Distribution Automatique;2040;11
ADA;Armoire Distribution Automatique;2041;12
ADA;Armoire Distribution Automatique;2042;13
ADA;Armoire Distribution Automatique;2043;14
ADA;Armoire Distribution Automatique;2044;15
ADA;Armoire Distribution Automatique;2045;17
ADA;Armoire Distribution Automatique;2046;18
ADA;Armoire Distribution Automatique;2047;19
ADA;Armoire Distribution Automatique;2048;20
ADA;Armoire Distribution Automatique;2049;21
ADA;Armoire Distribution Automatique;2050;22
ADA;Armoire Distribution Automatique;2053;1000
ADA;Armoire Distribution Automatique;2054;1001
ADA;Armoire Distribution Automatique;2055;1002
ADA;Armoire Distribution Automatique;2056;1003
ADA;Armoire Distribution Automatique;2057;1004
ADA;Armoire Distribution Automatique;2058;1005
ADA;Armoire Distribution Automatique;2059;1006
ADA;Armoire Distribution Automatique;2060;1014
PTOSC;Poste mainteneur TOSCANE;2061;8000
PC_I;PC industriel;2062;99999
TPV;Terminal Point de Vente;2063;99
ADUP_snmp;Appareil Distributeur à l'Usage du Public snmp;2064;99999
EM;Escalier Mécanique;2066;66
SDP;Serveur de ports;2067;99999
Ventilateur;Ventilateur;2068;19
Ventilateur;Ventilateur;2069;20
E_ECS;Eqpt concentrateur Vente et Contrôle d'accès(ECS);2088;1000
E_ECS;Eqpt concentrateur Vente et Contrôle d'accès(ECS);2089;1014
E_ECS;Eqpt concentrateur Vente et Contrôle d'accès(ECS);2090;1
E_AE5G;Equipement API AE5G;2091;1000
E_AE5G;Equipement API AE5G;2092;1006
E_AE5G;Equipement API AE5G;2093;1014
E_AE5G;Equipement API AE5G;2094;1
E_AE5G;Equipement API AE5G;2095;2
E_AE5G;Equipement API AE5G;2096;37
E_CES;Concentrateur En Station;2097;1000
E_CES;Concentrateur En Station;2098;900
E_PEM;Passages Elargis Motorisés;2099;1000
E_PEM;Passages Elargis Motorisés;2100;900
E_PEM;Passages Elargis Motorisés;2101;3
E_PEM;Passages Elargis Motorisés;2102;4
E_PEM;Passages Elargis Motorisés;2103;5
E_PEM;Passages Elargis Motorisés;2104;6
E_PEM;Passages Elargis Motorisés;2105;7
E_PEM;Passages Elargis Motorisés;2106;8
E_PEM;Passages Elargis Motorisés;2107;9
E_PEM;Passages Elargis Motorisés;2108;12
E_PEM;Passages Elargis Motorisés;2109;13
E_PEM;Passages Elargis Motorisés;2110;14
E_PEM;Passages Elargis Motorisés;2111;15
OCA;Postes ocarina;2114;99999
OCA;Postes ocarina;2115;1000
Trottoir_Roulant_R;Trottoir Roulant à Relais;612;1002
Trottoir_Roulant_R;Trottoir Roulant à Relais;611;1001
Trottoir_Roulant_R;Trottoir Roulant à Relais;610;1000
Trottoir_Roulant_R;Trottoir Roulant à Relais;609;18
Trottoir_Roulant_R;Trottoir Roulant à Relais;608;17
Trottoir_Roulant_R;Trottoir Roulant à Relais;607;16
Trottoir_Roulant_R;Trottoir Roulant à Relais;606;15
Trottoir_Roulant_R;Trottoir Roulant à Relais;605;14
Trottoir_Roulant_R;Trottoir Roulant à Relais;604;13
Trottoir_Roulant_R;Trottoir Roulant à Relais;603;12
Trottoir_Roulant_R;Trottoir Roulant à Relais;602;11
Trottoir_Roulant_R;Trottoir Roulant à Relais;601;10
PC_I;PC industriel;811;1
TPV;Terminal Point de Vente;809;1000
TPV;Terminal Point de Vente;808;999999
SDP;Serveur de ports;807;1000
SDP;Serveur de ports;806;999999
CACC;Contrôle d'Accès métro Symphonie;763;1000
CACC;Contrôle d'Accès métro Symphonie;762;999999
ADUP_snmp;Appareil Distributeur à l'Usage du Public snmp;751;1000
ADUP_snmp;Appareil Distributeur à l'Usage du Public snmp;750;999999
API_STA;API station métro;1000;10
API_STA;API station métro;999;9
API_STA;API station métro;998;8
API_STA;API station métro;997;7
API_STA;API station métro;996;6
API_STA;API station métro;995;5
API_STA;API station métro;994;4
API_STA;API station métro;993;3
API_STA;API station métro;992;2
API_STA;API station métro;991;1
API_STA;API station métro;990;1014
API_STA;API station métro;989;1011
API_STA;API station métro;988;1006
API_STA;API station métro;987;1004
API_STA;API station métro;986;1003
API_STA;API station métro;985;1000
Imprimante_snmp;IMPRIMANTE bureau station CDSMG et Symphonie;984;1014
Imprimante_snmp;IMPRIMANTE bureau station CDSMG et Symphonie;983;1001
Imprimante_snmp;IMPRIMANTE bureau station CDSMG et Symphonie;982;1000
Imprimante_snmp;IMPRIMANTE bureau station CDSMG et Symphonie;981;3
Imprimante_snmp;IMPRIMANTE bureau station CDSMG et Symphonie;980;2
Imprimante_snmp;IMPRIMANTE bureau station CDSMG et Symphonie;979;1
SORTIE;Sortie sono;969;13
SORTIE;Sortie sono;968;12
SORTIE;Sortie sono;967;11
SORTIE;Sortie sono;966;10
SORTIE;Sortie sono;965;9
SORTIE;Sortie sono;964;8
SORTIE;Sortie sono;963;7
SORTIE;Sortie sono;962;6
SORTIE;Sortie sono;961;5
SORTIE;Sortie sono;960;4
SORTIE;Sortie sono;959;3
CP_CA;Capteurs centrale alarme métro fils de ECENTRALE;956;6
CP_CA;Capteurs centrale alarme métro fils de ECENTRALE;955;5
CP_CA;Capteurs centrale alarme métro fils de ECENTRALE;954;4
CP_CA;Capteurs centrale alarme métro fils de ECENTRALE;953;3
ECENTRALE;Centrale alarme métro;952;4
ECENTRALE;Centrale alarme métro;951;3
ECENTRALE;Centrale alarme métro;950;2
ECENTRALE;Centrale alarme métro;949;1014
ECENTRALE;Centrale alarme métro;948;1006
ECENTRALE;Centrale alarme métro;947;1004
ECENTRALE;Centrale alarme métro;946;1003
ECENTRALE;Centrale alarme métro;945;1002
ECENTRALE;Centrale alarme métro;944;1001
ECENTRALE;Centrale alarme métro;943;1000
EEAS;Eqpt d'Accès Sono CDSMG et Symphonie;942;11
EEAS;Eqpt d'Accès Sono CDSMG et Symphonie;941;10
EEAS;Eqpt d'Accès Sono CDSMG et Symphonie;940;9
EEAS;Eqpt d'Accès Sono CDSMG et Symphonie;939;8
EEAS;Eqpt d'Accès Sono CDSMG et Symphonie;938;7
EEAS;Eqpt d'Accès Sono CDSMG et Symphonie;937;6
EEAS;Eqpt d'Accès Sono CDSMG et Symphonie;936;5
EEAS;Eqpt d'Accès Sono CDSMG et Symphonie;935;4
EEAS;Eqpt d'Accès Sono CDSMG et Symphonie;934;3
EEAS;Eqpt d'Accès Sono CDSMG et Symphonie;933;2
EEAS;Eqpt d'Accès Sono CDSMG et Symphonie;932;1000
CSONO;Centrale de Sonorisation CDSMG et Symphonie;931;21
CSONO;Centrale de Sonorisation CDSMG et Symphonie;930;20
CSONO;Centrale de Sonorisation CDSMG et Symphonie;929;19
CSONO;Centrale de Sonorisation CDSMG et Symphonie;928;18
CSONO;Centrale de Sonorisation CDSMG et Symphonie;927;17
CSONO;Centrale de Sonorisation CDSMG et Symphonie;926;16
CSONO;Centrale de Sonorisation CDSMG et Symphonie;925;15
CSONO;Centrale de Sonorisation CDSMG et Symphonie;924;14
CSONO;Centrale de Sonorisation CDSMG et Symphonie;923;13
CSONO;Centrale de Sonorisation CDSMG et Symphonie;922;12
CSONO;Centrale de Sonorisation CDSMG et Symphonie;921;11
CSONO;Centrale de Sonorisation CDSMG et Symphonie;920;10
CSONO;Centrale de Sonorisation CDSMG et Symphonie;919;9
STOSC;Serveur TOSCANE;2004;999998
STOSC;Serveur TOSCANE;2003;1000
PTOSC;Poste mainteneur TOSCANE;2002;1000
NDS;Concentrateur;2000;999998
Monte_charge_ERM_CDS;Eqpt monte charge accédé via API ERM(CDS RER);1128;1014
Monte_charge_ERM_CDS;Eqpt monte charge accédé via API ERM(CDS RER);1127;1
Climatiseur_ERM_CDS;Eqpt climatiseur accédé via API ERM CDS;1122;1014
Climatiseur_ERM_CDS;Eqpt climatiseur accédé via API ERM CDS;1121;1
Alimentation_ERM_CDS;Eqpt alimentation accédé via API ERM(CDS RER);1120;1014
Alimentation_ERM_CDS;Eqpt alimentation accédé via API ERM(CDS RER);1119;1
Eclairage_ERM_CDS;Eqpt armoire éclairage accédé via API ERM(CDS RER);1118;1014
Eclairage_ERM_CDS;Eqpt armoire éclairage accédé via API ERM(CDS RER);1117;1
PEF_ERM_CDS;Eqpt PEF accédé via API ERM (CDS RER);1116;1014
PEF_ERM_CDS;Eqpt PEF accédé via API ERM (CDS RER);1115;3
PEF_ERM_CDS;Eqpt PEF accédé via API ERM (CDS RER);1114;2
PEF_ERM_CDS;Eqpt PEF accédé via API ERM (CDS RER);1113;1
API_ERM;Eqpt concentrateur API ERM (CDS RER);1112;1014
API_ERM;Eqpt concentrateur API ERM (CDS RER);1111;1006
API_ERM;Eqpt concentrateur API ERM (CDS RER);1110;1005
API_ERM;Eqpt concentrateur API ERM (CDS RER);1109;1004
API_ERM;Eqpt concentrateur API ERM (CDS RER);1108;1003
API_ERM;Eqpt concentrateur API ERM (CDS RER);1107;1002
API_ERM;Eqpt concentrateur API ERM (CDS RER);1106;1001
API_ERM;Eqpt concentrateur API ERM (CDS RER);1105;1000
Disjoncteur_Camera_GTC;Disjoncteur Carméra via API  GTC;1104;1
Disjoncteur_Camera_GTC;Disjoncteur Carméra via API  GTC;1103;1014
API_GTC;API concentrateur GTC Telephonie/sono/EAI(API_GTC);1102;1014
API_GTC;API concentrateur GTC Telephonie/sono/EAI(API_GTC);1101;1000
Zone_Effraction_ADUP_GTC;Zone Effraction ADUP via API  GTC (CDS RER);1100;1014
Zone_Effraction_ADUP_GTC;Zone Effraction ADUP via API  GTC (CDS RER);1099;5
Zone_Effraction_ADUP_GTC;Zone Effraction ADUP via API  GTC (CDS RER);1098;4
Zone_Effraction_ADUP_GTC;Zone Effraction ADUP via API  GTC (CDS RER);1097;3
Zone_Effraction_ADUP_GTC;Zone Effraction ADUP via API  GTC (CDS RER);1096;2
Zone_Effraction_ADUP_GTC;Zone Effraction ADUP via API  GTC (CDS RER);1095;1
Armoire_Forte_GTC;Armoire Forte dans Zone agression via API  GTC;1094;1014
Armoire_Forte_GTC;Armoire Forte dans Zone agression via API  GTC;1093;6
Armoire_Forte_GTC;Armoire Forte dans Zone agression via API  GTC;1092;5
Armoire_Forte_GTC;Armoire Forte dans Zone agression via API  GTC;1091;4
Armoire_Forte_GTC;Armoire Forte dans Zone agression via API  GTC;1090;3
Armoire_Forte_GTC;Armoire Forte dans Zone agression via API  GTC;1089;2
Armoire_Forte_GTC;Armoire Forte dans Zone agression via API  GTC;1088;1
Pedale_GTC;Pédale d'alarme agression via API GTC;1087;1014
Pedale_GTC;Pédale d'alarme agression via API GTC;1086;3
Pedale_GTC;Pédale d'alarme agression via API GTC;1085;2
Pedale_GTC;Pédale d'alarme agression via API GTC;1084;1
Zone_Agression_GTC;Zone agression via un API  GTC (CDS RER);1083;1014
Zone_Agression_GTC;Zone agression via un API  GTC (CDS RER);1082;7
Zone_Agression_GTC;Zone agression via un API  GTC (CDS RER);1081;6
Zone_Agression_GTC;Zone agression via un API  GTC (CDS RER);1080;5
Zone_Agression_GTC;Zone agression via un API  GTC (CDS RER);1079;4
Zone_Agression_GTC;Zone agression via un API  GTC (CDS RER);1078;3
Zone_Agression_GTC;Zone agression via un API  GTC (CDS RER);1077;2
Zone_Agression_GTC;Zone agression via un API  GTC (CDS RER);1076;1
Contact_Porte_GTC;Contact porte Zone effraction via API  GTC;1075;1014
Contact_Porte_GTC;Contact porte Zone effraction via API  GTC;1074;6
Contact_Porte_GTC;Contact porte Zone effraction via API  GTC;1073;5
Contact_Porte_GTC;Contact porte Zone effraction via API  GTC;1072;4
Contact_Porte_GTC;Contact porte Zone effraction via API  GTC;1071;3
Contact_Porte_GTC;Contact porte Zone effraction via API  GTC;1070;2
Contact_Porte_GTC;Contact porte Zone effraction via API  GTC;1069;1
Radar_GTC;Radar Zone effraction via API  GTC;1068;1014
Radar_GTC;Radar Zone effraction via API  GTC;1067;6
Radar_GTC;Radar Zone effraction via API  GTC;1066;5
Radar_GTC;Radar Zone effraction via API  GTC;1065;4
Radar_GTC;Radar Zone effraction via API  GTC;1064;3
Radar_GTC;Radar Zone effraction via API  GTC;1063;2
Radar_GTC;Radar Zone effraction via API  GTC;1062;1
Zone_Effraction_GTC;Zone effraction via API GTC(Zone_Effraction_GTC);1061;1014
Zone_Effraction_GTC;Zone effraction via API GTC(Zone_Effraction_GTC);1060;7
Zone_Effraction_GTC;Zone effraction via API GTC(Zone_Effraction_GTC);1059;6
Zone_Effraction_GTC;Zone effraction via API GTC(Zone_Effraction_GTC);1058;5
Zone_Effraction_GTC;Zone effraction via API GTC(Zone_Effraction_GTC);1057;4
Zone_Effraction_GTC;Zone effraction via API GTC(Zone_Effraction_GTC);1056;3
Zone_Effraction_GTC;Zone effraction via API GTC(Zone_Effraction_GTC);1055;2
Zone_Effraction_GTC;Zone effraction via API GTC(Zone_Effraction_GTC);1054;1
UTL_GTC;Unité Traitement Local via un API GTC(CDS RER);1053;1014
UTL_GTC;Unité Traitement Local via un API GTC(CDS RER);1052;3
UTL_GTC;Unité Traitement Local via un API GTC(CDS RER);1051;2
UTL_GTC;Unité Traitement Local via un API GTC(CDS RER);1050;1
API_EA_GTC;Centrale alarme accédé via un API GTC;1049;1014
API_EA_GTC;Centrale alarme accédé via un API GTC;1048;5
API_EA_GTC;Centrale alarme accédé via un API GTC;1047;4
API_EA_GTC;Centrale alarme accédé via un API GTC;1046;3
API_EA_GTC;Centrale alarme accédé via un API GTC;1045;2
API_EA_GTC;Centrale alarme accédé via un API GTC;1044;1
Haut_Parleur_GTC;Haut parleur via un API GTC;1043;1014
Haut_Parleur_GTC;Haut parleur via un API GTC;1042;1
Zone_Sono_GTC;Zone de sonorisation via un API GTC (CDS RER);1041;1014
Zone_Sono_GTC;Zone de sonorisation via un API GTC (CDS RER);1040;3
Zone_Sono_GTC;Zone de sonorisation via un API GTC (CDS RER);1039;2
Zone_Sono_GTC;Zone de sonorisation via un API GTC (CDS RER);1038;1
Ampli_GTC;Amplificateur via un API GTC;1037;1014
Ampli_GTC;Amplificateur via un API GTC;1036;2
Ampli_GTC;Amplificateur via un API GTC;1035;1
IPH_GTC;Interphone via un API concentrateur GTC;1027;1014
IPH_GTC;Interphone via un API concentrateur GTC;1026;1
EAT_GTC;Centrale téléphonique via un API GTC(EAT_GTC);1025;1014
EAT_GTC;Centrale téléphonique via un API GTC(EAT_GTC);1024;3
EAT_GTC;Centrale téléphonique via un API GTC(EAT_GTC);1023;2
EAT_GTC;Centrale téléphonique via un API GTC(EAT_GTC);1022;1
ALMTC;alarme de synthèse de divers équipements;1021;1014
ALMTC;alarme de synthèse de divers équipements;1020;1
ECENTRALE;Centrale alarme métro;1019;7
ECENTRALE;Centrale alarme métro;1018;6
ECENTRALE;Centrale alarme métro;1017;5
PTN;Poste Téléphonique Numérique;1016;2
EMONITEUR;Moniteur de téléaffichage CDSMG et Symphonie;1015;1000
EMONITEUR;Moniteur de téléaffichage CDSMG et Symphonie;1014;3
EMONITEUR;Moniteur de téléaffichage CDSMG et Symphonie;1013;2
EIPH;Interphone CDSMG et Symphonie;1012;7
EIPH;Interphone CDSMG et Symphonie;1011;6
EEAT;Eqpt d'Accès Téléphonie CDSMG et Symphonie;1010;1000
EEAT;Eqpt d'Accès Téléphonie CDSMG et Symphonie;1009;1
ECAMERA;Caméra;1008;1000
ECAMERA;Caméra;1007;3
ECAMERA;Caméra;1006;2
ECAMERA;Caméra;1005;1
API_STA;API station métro;1003;13
API_STA;API station métro;1002;12
API_STA;API station métro;1001;11
CSONO;Centrale de Sonorisation CDSMG et Symphonie;918;8
CSONO;Centrale de Sonorisation CDSMG et Symphonie;917;7
CSONO;Centrale de Sonorisation CDSMG et Symphonie;916;6
CSONO;Centrale de Sonorisation CDSMG et Symphonie;915;5
CSONO;Centrale de Sonorisation CDSMG et Symphonie;914;4
CSONO;Centrale de Sonorisation CDSMG et Symphonie;913;3
CSONO;Centrale de Sonorisation CDSMG et Symphonie;912;2
CSONO;Centrale de Sonorisation CDSMG et Symphonie;911;1
CSONO;Centrale de Sonorisation CDSMG et Symphonie;910;1007
CSONO;Centrale de Sonorisation CDSMG et Symphonie;909;1006
CSONO;Centrale de Sonorisation CDSMG et Symphonie;908;1004
CSONO;Centrale de Sonorisation CDSMG et Symphonie;907;1003
CSONO;Centrale de Sonorisation CDSMG et Symphonie;906;1002
CSONO;Centrale de Sonorisation CDSMG et Symphonie;905;1001
CSONO;Centrale de Sonorisation CDSMG et Symphonie;904;1000
Bris_de_glace;Bris de glace via API Station et Gare;900;1013
Bris_de_glace;Bris de glace via API Station et Gare;899;1
NDS;Concentrateur;898;999999
NDS;Concentrateur;897;1000
SIV;Serveur d'Information Voyageur;873;1000
Disjoncteur_DBT_PEF;PEF Métro;871;1000
Disjoncteur_DBT_PEF;PEF Métro;870;4
Disjoncteur_DBT_PEF;PEF Métro;869;3
Disjoncteur_DBT_PEF;PEF Métro;868;2
Disjoncteur_DBT_PEF;PEF Métro;867;1
Disjoncteur_DBT_PEF;PEF Métro;866;999999
PSIEL;Panneau d'Information Quai;862;1008
PSIEL;Panneau d'Information Quai;861;1007
PSIEL;Panneau d'Information Quai;860;1006
PSIEL;Panneau d'Information Quai;859;1005
PSIEL;Panneau d'Information Quai;858;1004
PSIEL;Panneau d'Information Quai;857;1003
PSIEL;Panneau d'Information Quai;856;1002
PSIEL;Panneau d'Information Quai;855;1001
PSIEL;Panneau d'Information Quai;854;1000
PSIEL;Panneau d'Information Quai;853;14
PSIEL;Panneau d'Information Quai;852;13
PSIEL;Panneau d'Information Quai;851;12
PSIEL;Panneau d'Information Quai;850;11
PSIEL;Panneau d'Information Quai;849;10
PSIEL;Panneau d'Information Quai;848;9
PSIEL;Panneau d'Information Quai;847;8
PSIEL;Panneau d'Information Quai;846;7
PSIEL;Panneau d'Information Quai;845;6
PSIEL;Panneau d'Information Quai;844;5
PSIEL;Panneau d'Information Quai;843;4
PSIEL;Panneau d'Information Quai;842;3
PSIEL;Panneau d'Information Quai;841;2
PSIEL;Panneau d'Information Quai;840;1
PSIEL;Panneau d'Information Quai;839;999999
PC_I;PC industriel;815;1000
PC_I;PC industriel;814;4
PC_I;PC industriel;813;3
PC_I;PC industriel;812;2
Trottoir_Roulant_R;Trottoir Roulant à Relais;600;9
Trottoir_Roulant_R;Trottoir Roulant à Relais;599;8
Trottoir_Roulant_R;Trottoir Roulant à Relais;598;7
Trottoir_Roulant_R;Trottoir Roulant à Relais;597;6
Trottoir_Roulant_R;Trottoir Roulant à Relais;596;5
Trottoir_Roulant_R;Trottoir Roulant à Relais;595;4
Trottoir_Roulant_R;Trottoir Roulant à Relais;594;3
Trottoir_Roulant_R;Trottoir Roulant à Relais;593;2
Trottoir_Roulant_R;Trottoir Roulant à Relais;592;1
Trottoir_Roulant_R;Trottoir Roulant à Relais;591;999999
EM_Re;Escalier Mécanique à Relais;590;1009
EM_Re;Escalier Mécanique à Relais;589;1006
EM_Re;Escalier Mécanique à Relais;588;1005
EM_Re;Escalier Mécanique à Relais;587;1004
EM_Re;Escalier Mécanique à Relais;586;1003
EM_Re;Escalier Mécanique à Relais;585;1002
EM_Re;Escalier Mécanique à Relais;584;1001
EM_Re;Escalier Mécanique à Relais;583;1000
EM_Re;Escalier Mécanique à Relais;581;17
EM_Re;Escalier Mécanique à Relais;580;16
EM_Re;Escalier Mécanique à Relais;579;15
EM_Re;Escalier Mécanique à Relais;578;14
EM_Re;Escalier Mécanique à Relais;577;13
EM_Re;Escalier Mécanique à Relais;576;12
EM_Re;Escalier Mécanique à Relais;575;11
EM_Re;Escalier Mécanique à Relais;574;10
EM_Re;Escalier Mécanique à Relais;573;9
EM_Re;Escalier Mécanique à Relais;572;8
EM_Re;Escalier Mécanique à Relais;571;7
EM_Re;Escalier Mécanique à Relais;570;6
EM_Re;Escalier Mécanique à Relais;569;5
EM_Re;Escalier Mécanique à Relais;568;4
EM_Re;Escalier Mécanique à Relais;567;3
EM_Re;Escalier Mécanique à Relais;566;2
EM_Re;Escalier Mécanique à Relais;565;18
EM_Re;Escalier Mécanique à Relais;564;999999
BAES;Bloc Autonome Eclairage Secours;544;1006
BAES;Bloc Autonome Eclairage Secours;543;1005
BAES;Bloc Autonome Eclairage Secours;542;1004
BAES;Bloc Autonome Eclairage Secours;541;1003
BAES;Bloc Autonome Eclairage Secours;540;1002
BAES;Bloc Autonome Eclairage Secours;539;1001
BAES;Bloc Autonome Eclairage Secours;538;1000
BAES;Bloc Autonome Eclairage Secours;537;7
BAES;Bloc Autonome Eclairage Secours;536;6
BAES;Bloc Autonome Eclairage Secours;535;5
BAES;Bloc Autonome Eclairage Secours;534;4
BAES;Bloc Autonome Eclairage Secours;533;3
BAES;Bloc Autonome Eclairage Secours;532;2
BAES;Bloc Autonome Eclairage Secours;531;1
BAES;Bloc Autonome Eclairage Secours;530;999999
AEROA;Aéroéjecteur Autonome;444;1006
AEROA;Aéroéjecteur Autonome;443;1005
AEROA;Aéroéjecteur Autonome;442;1004
AEROA;Aéroéjecteur Autonome;441;1003
AEROA;Aéroéjecteur Autonome;440;1002
AEROA;Aéroéjecteur Autonome;439;1001
AEROA;Aéroéjecteur Autonome;438;1000
AEROA;Aéroéjecteur Autonome;437;7
AEROA;Aéroéjecteur Autonome;436;6
AEROA;Aéroéjecteur Autonome;435;5
AEROA;Aéroéjecteur Autonome;434;4
AEROA;Aéroéjecteur Autonome;433;3
AEROA;Aéroéjecteur Autonome;432;2
Onduleur;Onduleur;359;4
Onduleur;Onduleur;358;3
Onduleur;Onduleur;357;2
Onduleur;Onduleur;356;1
Onduleur;Onduleur;355;999999
Ascenseur;Ascenseur;354;1009
Ascenseur;Ascenseur;353;1006
Ascenseur;Ascenseur;352;1005
Ascenseur;Ascenseur;351;1004
Ascenseur;Ascenseur;350;1003
Ascenseur;Ascenseur;349;1002
Ascenseur;Ascenseur;348;1001
Ascenseur;Ascenseur;347;1000
Ascenseur;Ascenseur;346;37
Ascenseur;Ascenseur;345;36
Ascenseur;Ascenseur;344;35
Ascenseur;Ascenseur;343;34
Ascenseur;Ascenseur;342;33
Ascenseur;Ascenseur;341;32
Ascenseur;Ascenseur;340;31
Ascenseur;Ascenseur;339;30
Ascenseur;Ascenseur;338;29
Ascenseur;Ascenseur;337;28
Ascenseur;Ascenseur;336;27
Ascenseur;Ascenseur;335;26
Ascenseur;Ascenseur;334;25
Ascenseur;Ascenseur;333;24
Ascenseur;Ascenseur;332;23
Ascenseur;Ascenseur;331;22
Ascenseur;Ascenseur;330;21
Ascenseur;Ascenseur;329;20
Ascenseur;Ascenseur;328;19
Ascenseur;Ascenseur;327;18
Ascenseur;Ascenseur;326;17
Ascenseur;Ascenseur;325;16
Ascenseur;Ascenseur;324;15
Ascenseur;Ascenseur;323;14
Ascenseur;Ascenseur;322;13
Ascenseur;Ascenseur;321;12
Ascenseur;Ascenseur;320;11
Ascenseur;Ascenseur;319;10
Ascenseur;Ascenseur;318;9
Ascenseur;Ascenseur;317;8
Ascenseur;Ascenseur;316;7
Ascenseur;Ascenseur;315;6
Ascenseur;Ascenseur;314;5
Ascenseur;Ascenseur;313;4
Ascenseur;Ascenseur;312;3
Ascenseur;Ascenseur;311;2
Ascenseur;Ascenseur;310;1
Ascenseur;Ascenseur;309;999999
Grille;Grille Motorisée;308;1008
Grille;Grille Motorisée;307;1007
Grille;Grille Motorisée;306;1006
Grille;Grille Motorisée;305;1005
Grille;Grille Motorisée;304;1004
Grille;Grille Motorisée;303;1003
Grille;Grille Motorisée;302;1002
Grille;Grille Motorisée;301;1001
Grille;Grille Motorisée;300;1000
Grille;Grille Motorisée;299;13
Grille;Grille Motorisée;298;12
Grille;Grille Motorisée;297;11
Grille;Grille Motorisée;296;10
Trottoir_Roulant;Trottoir Roulant;120;44
Trottoir_Roulant;Trottoir Roulant;119;43
Trottoir_Roulant;Trottoir Roulant;118;42
Trottoir_Roulant;Trottoir Roulant;117;41
Trottoir_Roulant;Trottoir Roulant;116;40
Trottoir_Roulant;Trottoir Roulant;115;39
Trottoir_Roulant;Trottoir Roulant;114;38
Trottoir_Roulant;Trottoir Roulant;113;37
Trottoir_Roulant;Trottoir Roulant;112;36
Trottoir_Roulant;Trottoir Roulant;111;35
Trottoir_Roulant;Trottoir Roulant;110;34
Trottoir_Roulant;Trottoir Roulant;109;33
Trottoir_Roulant;Trottoir Roulant;108;32
Trottoir_Roulant;Trottoir Roulant;107;31
Trottoir_Roulant;Trottoir Roulant;106;30
Trottoir_Roulant;Trottoir Roulant;105;29
Trottoir_Roulant;Trottoir Roulant;104;28
Trottoir_Roulant;Trottoir Roulant;103;27
Trottoir_Roulant;Trottoir Roulant;102;26
Trottoir_Roulant;Trottoir Roulant;101;25
Trottoir_Roulant;Trottoir Roulant;100;24
Trottoir_Roulant;Trottoir Roulant;99;23
Trottoir_Roulant;Trottoir Roulant;98;22
Trottoir_Roulant;Trottoir Roulant;88;12
Trottoir_Roulant;Trottoir Roulant;87;11
Trottoir_Roulant;Trottoir Roulant;86;10
Trottoir_Roulant;Trottoir Roulant;85;9
Trottoir_Roulant;Trottoir Roulant;84;8
Trottoir_Roulant;Trottoir Roulant;83;7
Trottoir_Roulant;Trottoir Roulant;82;6
Trottoir_Roulant;Trottoir Roulant;81;5
Trottoir_Roulant;Trottoir Roulant;80;4
Trottoir_Roulant;Trottoir Roulant;79;3
Trottoir_Roulant;Trottoir Roulant;78;2
Trottoir_Roulant;Trottoir Roulant;77;1
Trottoir_Roulant;Trottoir Roulant;76;999999
EM;Escalier Mécanique;75;1009
EM;Escalier Mécanique;74;1006
EM;Escalier Mécanique;73;1005
EM;Escalier Mécanique;72;1004
EM;Escalier Mécanique;71;1003
EM;Escalier Mécanique;70;1002
EM;Escalier Mécanique;69;1001
EM;Escalier Mécanique;68;1000
EM;Escalier Mécanique;67;67
EM;Escalier Mécanique;66;65
EM;Escalier Mécanique;65;64
EM;Escalier Mécanique;64;63
EM;Escalier Mécanique;63;62
EM;Escalier Mécanique;62;61
EM;Escalier Mécanique;61;60
EM;Escalier Mécanique;60;59
EM;Escalier Mécanique;59;58
EM;Escalier Mécanique;58;57
EM;Escalier Mécanique;57;56
EM;Escalier Mécanique;56;55
EM;Escalier Mécanique;55;54
EM;Escalier Mécanique;54;53
EM;Escalier Mécanique;53;52
EM;Escalier Mécanique;52;51
EM;Escalier Mécanique;51;50
EM;Escalier Mécanique;50;49
Onduleur;Onduleur;408;53
Onduleur;Onduleur;407;52
Onduleur;Onduleur;406;51
Onduleur;Onduleur;405;50
Onduleur;Onduleur;404;49
Onduleur;Onduleur;403;48
Onduleur;Onduleur;402;47
Onduleur;Onduleur;401;46
Onduleur;Onduleur;400;45
Onduleur;Onduleur;399;44
Onduleur;Onduleur;398;43
Onduleur;Onduleur;397;42
Onduleur;Onduleur;396;41
Onduleur;Onduleur;395;40
Onduleur;Onduleur;394;39
Onduleur;Onduleur;393;38
Onduleur;Onduleur;392;37
Onduleur;Onduleur;391;36
Onduleur;Onduleur;390;35
Onduleur;Onduleur;389;34
Onduleur;Onduleur;388;33
Onduleur;Onduleur;387;32
Onduleur;Onduleur;386;31
Onduleur;Onduleur;385;30
Onduleur;Onduleur;384;29
Onduleur;Onduleur;383;28
Onduleur;Onduleur;382;27
Onduleur;Onduleur;381;26
Onduleur;Onduleur;380;25
Onduleur;Onduleur;379;24
BAM;Baie d'Aération Motorisée;253;5
Onduleur;Onduleur;378;23
Onduleur;Onduleur;377;22
Onduleur;Onduleur;376;21
Onduleur;Onduleur;375;20
Onduleur;Onduleur;374;19
Onduleur;Onduleur;373;18
Onduleur;Onduleur;372;17
Onduleur;Onduleur;371;16
Onduleur;Onduleur;370;15
Onduleur;Onduleur;369;14
Onduleur;Onduleur;368;13
Onduleur;Onduleur;367;12
Onduleur;Onduleur;366;11
Onduleur;Onduleur;365;10
Onduleur;Onduleur;364;9
Onduleur;Onduleur;363;8
Onduleur;Onduleur;362;7
Onduleur;Onduleur;361;6
Onduleur;Onduleur;360;5
Trottoir_Roulant_R;Trottoir Roulant à Relais;616;1006
Trottoir_Roulant_R;Trottoir Roulant à Relais;615;1005
Trottoir_Roulant_R;Trottoir Roulant à Relais;614;1004
Trottoir_Roulant_R;Trottoir Roulant à Relais;613;1003
Trottoir_Roulant;Trottoir Roulant;128;52
SIV;Serveur d'Information Voyageur;2026;
Trottoir_Roulant;Trottoir Roulant;149;1006
Trottoir_Roulant;Trottoir Roulant;148;1005
Trottoir_Roulant;Trottoir Roulant;147;1004
Trottoir_Roulant;Trottoir Roulant;146;1003
Trottoir_Roulant;Trottoir Roulant;145;1002
Trottoir_Roulant;Trottoir Roulant;144;1001
PEP;Poste d'Epuisement;186;3
PEP;Poste d'Epuisement;185;2
PEP;Poste d'Epuisement;184;1
PEP;Poste d'Epuisement;183;999999
PEP;Poste d'Epuisement;203;20
PEP;Poste d'Epuisement;202;19
PEP;Poste d'Epuisement;201;18
PEP;Poste d'Epuisement;200;17
PEP;Poste d'Epuisement;199;16
PEP;Poste d'Epuisement;198;15
PEP;Poste d'Epuisement;197;14
PEP;Poste d'Epuisement;196;13
PEP;Poste d'Epuisement;195;12
EM;Escalier Mécanique;47;46
EM;Escalier Mécanique;46;45
EM;Escalier Mécanique;45;44
EM;Escalier Mécanique;44;43
EM;Escalier Mécanique;43;42
EM;Escalier Mécanique;42;41
EM;Escalier Mécanique;41;40
EM;Escalier Mécanique;40;39
EM;Escalier Mécanique;39;38
EM;Escalier Mécanique;38;37
EM;Escalier Mécanique;37;36
EM;Escalier Mécanique;36;35
EM;Escalier Mécanique;35;34
EM;Escalier Mécanique;34;33
EM;Escalier Mécanique;33;32
EM;Escalier Mécanique;32;31
EM;Escalier Mécanique;31;30
EM;Escalier Mécanique;30;29
EM;Escalier Mécanique;29;28
EM;Escalier Mécanique;28;27
EM;Escalier Mécanique;27;26
EM;Escalier Mécanique;26;25
EM;Escalier Mécanique;25;24
EM;Escalier Mécanique;24;23
EM;Escalier Mécanique;23;22
EM;Escalier Mécanique;22;21
EM;Escalier Mécanique;21;20
EM;Escalier Mécanique;20;19
EM;Escalier Mécanique;19;18
EM;Escalier Mécanique;18;17
EM;Escalier Mécanique;17;16
EM;Escalier Mécanique;16;15
BAM;Baie d'Aération Motorisée;252;4
BAM;Baie d'Aération Motorisée;251;3
BAM;Baie d'Aération Motorisée;250;2
BAM;Baie d'Aération Motorisée;249;1
BAM;Baie d'Aération Motorisée;248;999999
Ventilateur;Ventilateur;247;1006
STOSC;Serveur TOSCANE;2005;100
STOSC;Serveur TOSCANE;2006;101
STOSC;Serveur TOSCANE;2007;102
STOSC;Serveur TOSCANE;2008;103
STOSC;Serveur TOSCANE;2009;104
STOSC;Serveur TOSCANE;2010;105
STOSC;Serveur TOSCANE;2011;106
STOSC;Serveur TOSCANE;2012;107
STOSC;Serveur TOSCANE;2013;108
STOSC;Serveur TOSCANE;2014;109
STOSC;Serveur TOSCANE;2015;110
STOSC;Serveur TOSCANE;2016;111
STOSC;Serveur TOSCANE;2017;112
STOSC;Serveur TOSCANE;2018;113
STOSC;Serveur TOSCANE;2019;114
STOSC;Serveur TOSCANE;2020;115
STOSC;Serveur TOSCANE;2021;116
HUB;HUB;2022;1000
HUB;HUB;2023;
MON;Moniteur de Téléaffichage en mode snmp;2024;1000
MON;Moniteur de Téléaffichage en mode snmp;2025;
MON;Moniteur de Téléaffichage en mode snmp;2027;
MON;Moniteur de Téléaffichage en mode snmp;2028;
ADA;Armoire Distribution Automatique;2032;2
EM;Escalier Mécanique;2030;2001
EM;Escalier Mécanique;2031;2002
EM;Escalier Mécanique;2029;2000
ADA;Armoire Distribution Automatique;2033;3
ADA;Armoire Distribution Automatique;2034;4
ADA;Armoire Distribution Automatique;2035;5
ADA;Armoire Distribution Automatique;2036;6
ADA;Armoire Distribution Automatique;2037;8
ADA;Armoire Distribution Automatique;2038;9
Trottoir_Roulant;Trottoir Roulant;135;59
Trottoir_Roulant;Trottoir Roulant;134;58
Trottoir_Roulant;Trottoir Roulant;133;57
Trottoir_Roulant;Trottoir Roulant;132;56
Trottoir_Roulant;Trottoir Roulant;131;55
Trottoir_Roulant;Trottoir Roulant;130;54
Trottoir_Roulant;Trottoir Roulant;129;53
Ventilateur;Ventilateur;246;1005
Ventilateur;Ventilateur;245;1004
Ventilateur;Ventilateur;244;1003
Ventilateur;Ventilateur;243;1002
Ventilateur;Ventilateur;242;1001
Ventilateur;Ventilateur;241;1000
Ventilateur;Ventilateur;240;18
Ventilateur;Ventilateur;239;17
Ventilateur;Ventilateur;238;16
Ventilateur;Ventilateur;237;15
Ventilateur;Ventilateur;236;14
Ventilateur;Ventilateur;235;13
Ventilateur;Ventilateur;234;12
Ventilateur;Ventilateur;233;11
Ventilateur;Ventilateur;232;10
Ventilateur;Ventilateur;231;9
Ventilateur;Ventilateur;230;8
Ventilateur;Ventilateur;228;6
Ventilateur;Ventilateur;227;5
Ventilateur;Ventilateur;226;4
Ventilateur;Ventilateur;225;3
Ventilateur;Ventilateur;224;2
Ventilateur;Ventilateur;222;999999
PEP;Poste d'Epuisement;221;1006
PEP;Poste d'Epuisement;220;1005
PEP;Poste d'Epuisement;219;1004
PEP;Poste d'Epuisement;218;1003
PEP;Poste d'Epuisement;217;1002
PEP;Poste d'Epuisement;216;1001
PEP;Poste d'Epuisement;215;1000
PEP;Poste d'Epuisement;214;31
PEP;Poste d'Epuisement;213;30
PEP;Poste d'Epuisement;212;29
Grille;Grille Motorisée;295;9
Grille;Grille Motorisée;294;8
Grille;Grille Motorisée;293;7
Grille;Grille Motorisée;292;6
Grille;Grille Motorisée;291;5
Grille;Grille Motorisée;290;4
Grille;Grille Motorisée;289;3
Grille;Grille Motorisée;288;2
Grille;Grille Motorisée;287;1
Grille;Grille Motorisée;286;999999
Compresseur;Compresseur;285;1006
Compresseur;Compresseur;284;1005
Compresseur;Compresseur;283;1004
Compresseur;Compresseur;282;1003
Compresseur;Compresseur;281;1002
Compresseur;Compresseur;280;1001
Compresseur;Compresseur;279;1000
Compresseur;Compresseur;278;16
Compresseur;Compresseur;277;15
Compresseur;Compresseur;276;14
Compresseur;Compresseur;275;13
Compresseur;Compresseur;274;12
Compresseur;Compresseur;273;11
Compresseur;Compresseur;272;10
Compresseur;Compresseur;271;9
Compresseur;Compresseur;270;8
Compresseur;Compresseur;269;7
Compresseur;Compresseur;268;6
Compresseur;Compresseur;267;5
Compresseur;Compresseur;266;4
Compresseur;Compresseur;265;3
Compresseur;Compresseur;264;2
Compresseur;Compresseur;262;999999
BAM;Baie d'Aération Motorisée;261;1006
BAM;Baie d'Aération Motorisée;260;1005
BAM;Baie d'Aération Motorisée;259;1004
BAM;Baie d'Aération Motorisée;258;1003
BAM;Baie d'Aération Motorisée;257;1002
BAM;Baie d'Aération Motorisée;256;1001
BAM;Baie d'Aération Motorisée;255;1000
BAM;Baie d'Aération Motorisée;254;6
Trottoir_Roulant;Trottoir Roulant;127;51
Trottoir_Roulant;Trottoir Roulant;126;50
Trottoir_Roulant;Trottoir Roulant;125;49
Trottoir_Roulant;Trottoir Roulant;124;48
Trottoir_Roulant;Trottoir Roulant;123;47
Trottoir_Roulant;Trottoir Roulant;122;46
Trottoir_Roulant;Trottoir Roulant;97;21
Trottoir_Roulant;Trottoir Roulant;96;20
Trottoir_Roulant;Trottoir Roulant;95;19
Trottoir_Roulant;Trottoir Roulant;94;18
Trottoir_Roulant;Trottoir Roulant;93;17
Trottoir_Roulant;Trottoir Roulant;92;16
Trottoir_Roulant;Trottoir Roulant;91;15
Trottoir_Roulant;Trottoir Roulant;90;14
Trottoir_Roulant;Trottoir Roulant;89;13
EM;Escalier Mécanique;15;14
EM;Escalier Mécanique;14;13
EM;Escalier Mécanique;13;12
EM;Escalier Mécanique;12;11
EM;Escalier Mécanique;11;10
EM;Escalier Mécanique;10;9
EM;Escalier Mécanique;9;8
EM;Escalier Mécanique;8;7
EM;Escalier Mécanique;7;6
EM;Escalier Mécanique;6;5
EM;Escalier Mécanique;5;4
EM;Escalier Mécanique;4;3
EM;Escalier Mécanique;3;2
EM;Escalier Mécanique;2;1
EM;Escalier Mécanique;1;999999
Trottoir_Roulant;Trottoir Roulant;121;45
AEROA;Aéroéjecteur Autonome;431;1
AEROA;Aéroéjecteur Autonome;430;999999
Onduleur;Onduleur;423;1006
Onduleur;Onduleur;422;1005
Onduleur;Onduleur;421;1004
Onduleur;Onduleur;420;1003
Onduleur;Onduleur;419;1002
Onduleur;Onduleur;418;1001
Onduleur;Onduleur;417;1000
Onduleur;Onduleur;416;61
Onduleur;Onduleur;415;60
Onduleur;Onduleur;414;59
Onduleur;Onduleur;413;58
Onduleur;Onduleur;412;57
Onduleur;Onduleur;411;56
Onduleur;Onduleur;410;55
Onduleur;Onduleur;409;54
E_CALARME;Centrale alarme RER CDSMG;2127;1000
E_CALARME;Centrale alarme RER CDSMG;2128;1001
E_CALARME;Centrale alarme RER CDSMG;2129;1002
E_CALARME;Centrale alarme RER CDSMG;2130;1003
E_CALARME;Centrale alarme RER CDSMG;2131;1004
E_CALARME;Centrale alarme RER CDSMG;2132;1006
E_CALARME;Centrale alarme RER CDSMG;2133;2
E_CALARME;Centrale alarme RER CDSMG;2134;3
EC_Cordon_Chauffant;Cordon Chauffant Elément Chauffant;2209;5
EC_Cordon_Chauffant;Cordon Chauffant Elément Chauffant;2210;2
EC_Cordon_Chauffant;Cordon Chauffant Elément Chauffant;2211;1
EC_Cordon_Chauffant;Cordon Chauffant Elément Chauffant;2212;3
EC_Cordon_Chauffant;Cordon Chauffant Elément Chauffant;2213;4
E_MICRO_ONDULEUR_GARE;Micro Onduleur Gare via API Station et Gare;2214;1
E_MICRO_ONDULEUR_GARE;Micro Onduleur Gare via API Station et Gare;2215;2
E_MICRO_ONDULEUR_GARE;Micro Onduleur Gare via API Station et Gare;2216;3
E_MICRO_ONDULEUR_GARE;Micro Onduleur Gare via API Station et Gare;2217;4
Armoire_Forte;E_ARMOIRE_FORTE CDSMG et Symphonie;2218;1014
Buzzer;Buzzer via API Station et Gare;2219;1014
E_AS;ADUP AS PARKEON  type3;2224;1000
E_AS;ADUP AS PARKEON  type3;2225;702
E_AS;ADUP AS PARKEON  type3;2226;703
E_AS;ADUP AS PARKEON  type3;2227;704
E_AS;ADUP AS PARKEON  type3;2228;705
E_AS;ADUP AS PARKEON  type3;2229;706
E_AS;ADUP AS PARKEON  type3;2230;708
E_AS;ADUP AS PARKEON  type3;2231;709
E_AS;ADUP AS PARKEON  type3;2232;710
E_AS;ADUP AS PARKEON  type3;2233;711
E_AS;ADUP AS PARKEON  type3;2234;712
E_AS;ADUP AS PARKEON  type3;2235;900
E_AS;ADUP AS PARKEON  type3;2236;1
E_AS;ADUP AS PARKEON  type3;2237;2
E_AS;ADUP AS PARKEON  type3;2238;3
E_AS;ADUP AS PARKEON  type3;2239;4
E_AS;ADUP AS PARKEON  type3;2240;5
E_AS;ADUP AS PARKEON  type3;2241;6
E_AS;ADUP AS PARKEON  type3;2242;7
E_AS;ADUP AS PARKEON  type3;2243;8
E_AS;ADUP AS PARKEON  type3;2244;9
E_AS;ADUP AS PARKEON  type3;2245;10
E_AS;ADUP AS PARKEON  type3;2246;11
E_AS;ADUP AS PARKEON  type3;2247;12
E_AS;ADUP AS PARKEON  type3;2248;13
E_AS;ADUP AS PARKEON  type3;2249;14
E_AS;ADUP AS PARKEON  type3;2250;15
E_AS;ADUP AS PARKEON  type3;2251;16
E_AS;ADUP AS PARKEON  type3;2252;17
E_AS;ADUP AS PARKEON  type3;2253;18
E_AS;ADUP AS PARKEON  type3;2254;19
E_AS;ADUP AS PARKEON  type3;2255;20
E_AS;ADUP AS PARKEON  type3;2256;21
E_AS;ADUP AS PARKEON  type3;2257;22
E_AS;ADUP AS PARKEON  type3;2258;23
E_AS;ADUP AS PARKEON  type3;2259;24
E_AS;ADUP AS PARKEON  type3;2260;25
E_AS;ADUP AS PARKEON  type3;2261;26
E_AS;ADUP AS PARKEON  type3;2262;27
EC_API;API Elément Chauffant;2201;1002
EC_API;API Elément Chauffant;2199;1000
EC_API;API Elément Chauffant;2200;1001
EC_API;API Elément Chauffant;2202;1003
EC_API;API Elément Chauffant;2203;1004
EC_API;API Elément Chauffant;2204;1005
EC_API;API Elément Chauffant;2205;1006
EC_API;API Elément Chauffant;2206;1014
EC_Armoire_Puissance;Armoire de Puissance Elément Chauffant;2207;1000
EC_Cordon_Chauffant;Cordon Chauffant Elément Chauffant;2208;1000
E_AS;ADUP AS PARKEON  type3;2263;28
E_AS;ADUP AS PARKEON  type3;2264;29
E_AS;ADUP AS PARKEON  type3;2265;30
E_AS;ADUP AS PARKEON  type3;2266;31
E_AS;ADUP AS PARKEON  type3;2267;32
E_AS;ADUP AS PARKEON  type3;2268;33
E_AS;ADUP AS PARKEON  type3;2269;34
E_AS;ADUP AS PARKEON  type3;2270;35
E_AS;ADUP AS PARKEON  type3;2271;36
E_AS;ADUP AS PARKEON  type3;2272;37
E_AS;ADUP AS PARKEON  type3;2273;38
E_AS;ADUP AS PARKEON  type3;2274;39
E_AS;ADUP AS PARKEON  type3;2275;40
E_AS;ADUP AS PARKEON  type3;2276;41
E_AS;ADUP AS PARKEON  type3;2277;42
E_AS;ADUP AS PARKEON  type3;2278;43
E_AS;ADUP AS PARKEON  type3;2279;44
E_AS;ADUP AS PARKEON  type3;2280;45
E_AS;ADUP AS PARKEON  type3;2281;46
E_AS;ADUP AS PARKEON  type3;2282;47
E_AS;ADUP AS PARKEON  type3;2283;48
E_AS;ADUP AS PARKEON  type3;2284;49
E_AS;ADUP AS PARKEON  type3;2285;50
E_AS;ADUP AS PARKEON  type3;2286;51
E_AS;ADUP AS PARKEON  type3;2287;52
E_AS;ADUP AS PARKEON  type3;2288;53
E_AS;ADUP AS PARKEON  type3;2289;54
E_AS;ADUP AS PARKEON  type3;2290;55
E_AS;ADUP AS PARKEON  type3;2291;56
E_AS;ADUP AS PARKEON  type3;2292;57
E_AS;ADUP AS PARKEON  type3;2293;58
E_AS;ADUP AS PARKEON  type3;2294;59
E_AS;ADUP AS PARKEON  type3;2295;60
E_AS;ADUP AS PARKEON  type3;2296;61
E_AS;ADUP AS PARKEON  type3;2297;62
E_AS;ADUP AS PARKEON  type3;2298;63
E_AS;ADUP AS PARKEON  type3;2299;64
E_AS;ADUP AS PARKEON  type3;2300;65
E_AS;ADUP AS PARKEON  type3;2301;66
E_AS;ADUP AS PARKEON  type3;2302;67
E_AS;ADUP AS PARKEON  type3;2303;68
E_AS;ADUP AS PARKEON  type3;2304;69
E_AS;ADUP AS PARKEON  type3;2305;70
E_AS;ADUP AS PARKEON  type3;2306;71
E_AS;ADUP AS PARKEON  type3;2307;72
E_AS;ADUP AS PARKEON  type3;2308;73
E_AS;ADUP AS PARKEON  type3;2309;74
E_AS;ADUP AS PARKEON  type3;2310;75
E_AS;ADUP AS PARKEON  type3;2311;76
E_AS;ADUP AS PARKEON  type3;2312;77
E_AS;ADUP AS PARKEON  type3;2313;78
E_AS;ADUP AS PARKEON  type3;2314;79
E_AS;ADUP AS PARKEON  type3;2315;80
E_AS;ADUP AS PARKEON  type3;2316;81
E_AS;ADUP AS PARKEON  type3;2317;82
E_AS;ADUP AS PARKEON  type3;2318;83
E_AS;ADUP AS PARKEON  type3;2319;84
E_AS;ADUP AS PARKEON  type3;2320;85
E_AS;ADUP AS PARKEON  type3;2321;86
E_AS;ADUP AS PARKEON  type3;2322;87
E_AS;ADUP AS PARKEON  type3;2323;88
E_AS;ADUP AS PARKEON  type3;2324;89
E_AS;ADUP AS PARKEON  type3;2325;90
E_AS;ADUP AS PARKEON  type3;2326;91
E_AS;ADUP AS PARKEON  type3;2327;92
E_AS;ADUP AS PARKEON  type3;2328;93
E_AS;ADUP AS PARKEON  type3;2329;94
E_AS;ADUP AS PARKEON  type3;2330;95
E_AS;ADUP AS PARKEON  type3;2331;96
E_AS;ADUP AS PARKEON  type3;2332;97
E_AS;ADUP AS PARKEON  type3;2333;98
E_TLB;TLB Ferré CDSMG;2334;1000
E_TLB;TLB Ferré CDSMG;2335;1002
E_TLB;TLB Ferré CDSMG;2336;1
E_TLB;TLB Ferré CDSMG;2337;2
E_TLB;TLB Ferré CDSMG;2338;3
E_TLB;TLB Ferré CDSMG;2339;4
E_TLB;TLB Ferré CDSMG;2340;5
E_TLB;TLB Ferré CDSMG;2341;6
E_TLB;TLB Ferré CDSMG;2342;7
E_TLB;TLB Ferré CDSMG;2343;8
E_LC;Ligne de Contrôle générique;2344;1000
E_LC;Ligne de Contrôle générique;2345;900
E_LC;Ligne de Contrôle générique;2346;901
E_LC;Ligne de Contrôle générique;2347;902
E_LC;Ligne de Contrôle générique;2348;903
E_LC;Ligne de Contrôle générique;2349;3
E_LC;Ligne de Contrôle générique;2350;4
E_LC;Ligne de Contrôle générique;2351;5
E_LC;Ligne de Contrôle générique;2352;6
E_LC;Ligne de Contrôle générique;2353;7
E_LC;Ligne de Contrôle générique;2354;8
E_LC;Ligne de Contrôle générique;2355;9
E_LC;Ligne de Contrôle générique;2356;10
E_LC;Ligne de Contrôle générique;2357;11
E_LC;Ligne de Contrôle générique;2358;12
E_LC;Ligne de Contrôle générique;2359;13
E_LC;Ligne de Contrôle générique;2360;14
E_LC;Ligne de Contrôle générique;2361;15
E_LC;Ligne de Contrôle générique;2362;16
E_LC;Ligne de Contrôle générique;2363;17
E_LC;Ligne de Contrôle générique;2364;18
E_LC;Ligne de Contrôle générique;2365;19
E_LC;Ligne de Contrôle générique;2366;20
E_LC;Ligne de Contrôle générique;2367;21
E_LC;Ligne de Contrôle générique;2368;22
E_LC;Ligne de Contrôle générique;2369;23
E_LC;Ligne de Contrôle générique;2370;24
E_LC;Ligne de Contrôle générique;2371;25
E_LC;Ligne de Contrôle générique;2372;26
E_LC;Ligne de Contrôle générique;2373;27
E_LC;Ligne de Contrôle générique;2374;28
E_LC;Ligne de Contrôle générique;2375;29
E_LC;Ligne de Contrôle générique;2376;30
E_LC;Ligne de Contrôle générique;2377;31
E_LC;Ligne de Contrôle générique;2378;32
E_LC;Ligne de Contrôle générique;2379;33
E_LC;Ligne de Contrôle générique;2380;34
E_LC;Ligne de Contrôle générique;2381;35
E_LC;Ligne de Contrôle générique;2382;36
E_LC;Ligne de Contrôle générique;2383;37
E_SUPLC;Supervision des lignes de contrôle;2384;1000
E_PS;Portillon de service CDSMG;2385;900
E_MICRO_ONDULEUR_GARE;Micro Onduleur Gare via API Station et Gare;2386;1014
E_A2007;ADUP Automate de service 2007 type6;2387;1
E_A2007;ADUP Automate de service 2007 type6;2388;2
E_A2007;ADUP Automate de service 2007 type6;2389;3
E_A2007;ADUP Automate de service 2007 type6;2390;9
E_A2007;ADUP Automate de service 2007 type6;2391;13
E_A2007;ADUP Automate de service 2007 type6;2392;22
E_A2007;ADUP Automate de service 2007 type6;2393;31
E_A2007;ADUP Automate de service 2007 type6;2394;32
E_A2007;ADUP Automate de service 2007 type6;2395;57
E_A2007;ADUP Automate de service 2007 type6;2396;78
E_A2007;ADUP Automate de service 2007 type6;2397;79
E_A2007;ADUP Automate de service 2007 type6;2398;80
E_A2007;ADUP Automate de service 2007 type6;2399;81
E_A2007;ADUP Automate de service 2007 type6;2400;86
E_A2007;ADUP Automate de service 2007 type6;2401;87
E_A2007;ADUP Automate de service 2007 type6;2402;142
E_A2007;ADUP Automate de service 2007 type6;2403;155
E_A2007;ADUP Automate de service 2007 type6;2404;157
E_A2007;ADUP Automate de service 2007 type6;2405;160
E_A2007;ADUP Automate de service 2007 type6;2406;179
E_A2007;ADUP Automate de service 2007 type6;2407;180
E_A2007;ADUP Automate de service 2007 type6;2408;189
E_A2007;ADUP Automate de service 2007 type6;2409;190
E_A2007;ADUP Automate de service 2007 type6;2410;194
E_A2007;ADUP Automate de service 2007 type6;2411;197
E_A2007;ADUP Automate de service 2007 type6;2412;207
E_A2007;ADUP Automate de service 2007 type6;2413;224
E_A2007;ADUP Automate de service 2007 type6;2414;723
E_A2007;ADUP Automate de service 2007 type6;2415;725
E_A2007;ADUP Automate de service 2007 type6;2416;726
E_A2007;ADUP Automate de service 2007 type6;2417;6
E_A2007;ADUP Automate de service 2007 type6;2418;7
E_A2007;ADUP Automate de service 2007 type6;2419;8
E_A2007;ADUP Automate de service 2007 type6;2420;10
E_A2007;ADUP Automate de service 2007 type6;2421;11
E_A2007;ADUP Automate de service 2007 type6;2422;12
E_A2007;ADUP Automate de service 2007 type6;2423;14
E_A2007;ADUP Automate de service 2007 type6;2424;17
E_A2007;ADUP Automate de service 2007 type6;2425;18
E_A2007;ADUP Automate de service 2007 type6;2426;19
E_A2007;ADUP Automate de service 2007 type6;2427;20
E_A2007;ADUP Automate de service 2007 type6;2428;21
E_A2007;ADUP Automate de service 2007 type6;2429;23
E_A2007;ADUP Automate de service 2007 type6;2430;24
E_A2007;ADUP Automate de service 2007 type6;2431;25
E_A2007;ADUP Automate de service 2007 type6;2432;26
E_A2007;ADUP Automate de service 2007 type6;2433;33
E_A2007;ADUP Automate de service 2007 type6;2434;34
E_A2007;ADUP Automate de service 2007 type6;2435;35
E_A2007;ADUP Automate de service 2007 type6;2436;36
E_A2007;ADUP Automate de service 2007 type6;2437;37
E_A2007;ADUP Automate de service 2007 type6;2438;38
E_A2007;ADUP Automate de service 2007 type6;2439;39
E_A2007;ADUP Automate de service 2007 type6;2440;40
E_A2007;ADUP Automate de service 2007 type6;2441;41
E_A2007;ADUP Automate de service 2007 type6;2442;42
E_A2007;ADUP Automate de service 2007 type6;2443;43
E_A2007;ADUP Automate de service 2007 type6;2444;46
E_A2007;ADUP Automate de service 2007 type6;2445;47
E_A2007;ADUP Automate de service 2007 type6;2446;54
E_A2007;ADUP Automate de service 2007 type6;2447;56
E_A2007;ADUP Automate de service 2007 type6;2448;62
E_A2007;ADUP Automate de service 2007 type6;2449;63
E_A2007;ADUP Automate de service 2007 type6;2450;64
E_A2007;ADUP Automate de service 2007 type6;2451;65
E_A2007;ADUP Automate de service 2007 type6;2452;66
E_A2007;ADUP Automate de service 2007 type6;2453;73
E_A2007;ADUP Automate de service 2007 type6;2454;76
E_A2007;ADUP Automate de service 2007 type6;2455;77
E_A2007;ADUP Automate de service 2007 type6;2456;82
E_A2007;ADUP Automate de service 2007 type6;2457;83
E_A2007;ADUP Automate de service 2007 type6;2458;84
E_A2007;ADUP Automate de service 2007 type6;2459;85
E_A2007;ADUP Automate de service 2007 type6;2460;88
E_A2007;ADUP Automate de service 2007 type6;2461;89
E_A2007;ADUP Automate de service 2007 type6;2462;93
E_A2007;ADUP Automate de service 2007 type6;2463;99
E_A2007;ADUP Automate de service 2007 type6;2464;100
E_A2007;ADUP Automate de service 2007 type6;2465;101
E_A2007;ADUP Automate de service 2007 type6;2466;102
E_A2007;ADUP Automate de service 2007 type6;2467;105
E_A2007;ADUP Automate de service 2007 type6;2468;106
E_A2007;ADUP Automate de service 2007 type6;2469;107
E_A2007;ADUP Automate de service 2007 type6;2470;108
E_A2007;ADUP Automate de service 2007 type6;2471;110
E_A2007;ADUP Automate de service 2007 type6;2472;114
E_A2007;ADUP Automate de service 2007 type6;2473;115
E_A2007;ADUP Automate de service 2007 type6;2474;116
E_A2007;ADUP Automate de service 2007 type6;2475;117
E_A2007;ADUP Automate de service 2007 type6;2476;118
E_A2007;ADUP Automate de service 2007 type6;2477;119
E_A2007;ADUP Automate de service 2007 type6;2478;120
E_A2007;ADUP Automate de service 2007 type6;2479;121
E_A2007;ADUP Automate de service 2007 type6;2480;122
E_A2007;ADUP Automate de service 2007 type6;2481;123
E_A2007;ADUP Automate de service 2007 type6;2482;124
E_A2007;ADUP Automate de service 2007 type6;2483;125
E_A2007;ADUP Automate de service 2007 type6;2484;126
E_A2007;ADUP Automate de service 2007 type6;2485;127
E_A2007;ADUP Automate de service 2007 type6;2486;143
E_A2007;ADUP Automate de service 2007 type6;2487;144
E_A2007;ADUP Automate de service 2007 type6;2488;145
E_A2007;ADUP Automate de service 2007 type6;2489;146
E_A2007;ADUP Automate de service 2007 type6;2490;147
E_A2007;ADUP Automate de service 2007 type6;2491;148
E_A2007;ADUP Automate de service 2007 type6;2492;149
E_A2007;ADUP Automate de service 2007 type6;2493;156
E_A2007;ADUP Automate de service 2007 type6;2494;181
E_A2007;ADUP Automate de service 2007 type6;2495;186
E_A2007;ADUP Automate de service 2007 type6;2496;187
E_A2007;ADUP Automate de service 2007 type6;2497;193
E_A2007;ADUP Automate de service 2007 type6;2498;198
E_A2007;ADUP Automate de service 2007 type6;2499;199
E_A2007;ADUP Automate de service 2007 type6;2500;205
E_A2007;ADUP Automate de service 2007 type6;2501;206
E_A2007;ADUP Automate de service 2007 type6;2502;208
E_A2007;ADUP Automate de service 2007 type6;2503;209
E_A2007;ADUP Automate de service 2007 type6;2504;210
E_A2007;ADUP Automate de service 2007 type6;2505;211
E_A2007;ADUP Automate de service 2007 type6;2506;212
E_A2007;ADUP Automate de service 2007 type6;2507;213
E_A2007;ADUP Automate de service 2007 type6;2508;215
E_A2007;ADUP Automate de service 2007 type6;2509;216
E_A2007;ADUP Automate de service 2007 type6;2510;217
E_A2007;ADUP Automate de service 2007 type6;2511;218
E_A2007;ADUP Automate de service 2007 type6;2512;219
E_A2007;ADUP Automate de service 2007 type6;2513;220
E_A2007;ADUP Automate de service 2007 type6;2514;221
E_A2007;ADUP Automate de service 2007 type6;2515;222
E_A2007;ADUP Automate de service 2007 type6;2516;223
E_A2007;ADUP Automate de service 2007 type6;2517;55
E_A2007;ADUP Automate de service 2007 type6;2518;58
E_A2007;ADUP Automate de service 2007 type6;2519;59
E_A2007;ADUP Automate de service 2007 type6;2520;60
E_A2007;ADUP Automate de service 2007 type6;2521;61
E_A2007;ADUP Automate de service 2007 type6;2522;130
E_A2007;ADUP Automate de service 2007 type6;2523;158
E_A2007;ADUP Automate de service 2007 type6;2524;159
E_A2007;ADUP Automate de service 2007 type6;2525;176
E_A2007;ADUP Automate de service 2007 type6;2526;196
E_A2007;ADUP Automate de service 2007 type6;2527;202
E_A2007;ADUP Automate de service 2007 type6;2528;203
E_A2007;ADUP Automate de service 2007 type6;2529;204
E_A2007;ADUP Automate de service 2007 type6;2530;214
E_A2007;ADUP Automate de service 2007 type6;2531;1000
E_API_GARE;API Gare CDSMG;2532;1000
E_API_GARE;API Gare CDSMG;2533;1003
E_API_GARE;API Gare CDSMG;2534;1004
E_API_GARE;API Gare CDSMG;2535;1006
E_API_GARE;API Gare CDSMG;2536;1014
E_API_GARE;API Gare CDSMG;2537;1016
E_API_GARE;API Gare CDSMG;2538;1
E_API_GARE;API Gare CDSMG;2539;2
E_API_GARE;API Gare CDSMG;2540;3
E_API_GARE;API Gare CDSMG;2541;4
E_BAIE_SONO;Baie Sono CDSMG;2542;1000
E_BAIE_SONO;Baie Sono CDSMG;2543;2
E_BAIE_SONO;Baie Sono CDSMG;2544;3
E_BAIE_SONO;Baie Sono CDSMG;2545;4
E_BAIE_SONO;Baie Sono CDSMG;2546;5
E_BAIE_SONO;Baie Sono CDSMG;2547;6
E_BAIE_SONO;Baie Sono CDSMG;2548;7
E_BAIE_SONO;Baie Sono CDSMG;2549;8
E_BAIE_SONO;Baie Sono CDSMG;2550;9
Ventilateur;Ventilateur;2554;21
Ventilateur;Ventilateur;2555;22
Ventilateur;Ventilateur;2556;23
Ventilateur;Ventilateur;2557;24
Ventilateur;Ventilateur;2558;25
Ventilateur;Ventilateur;2559;26
VLE;Ventilateur locaux électriques;2563;2
Ventilateur;Ventilateur;2561;1014
E_ADUP_THALES;ADUP THALES type5;2586;900
E_ADUP_THALES;ADUP THALES type5;2587;1
VLE;Ventilateur locaux électriques;2565;4
E_ADUP_THALES;ADUP THALES type5;2588;2
VLE;Ventilateur locaux électriques;2567;6
VLE;Ventilateur locaux électriques;2568;7
VLE;Ventilateur locaux électriques;2569;8
VLE;Ventilateur locaux électriques;2570;9
VLE;Ventilateur locaux électriques;2571;10
VLE;Ventilateur locaux électriques;2572;11
VLE;Ventilateur locaux électriques;2573;12
VLE;Ventilateur locaux électriques;2574;1000
VLE;Ventilateur locaux électriques;2575;1001
VLE;Ventilateur locaux électriques;2576;1002
VLE;Ventilateur locaux électriques;2577;1003
VLE;Ventilateur locaux électriques;2578;1004
VLE;Ventilateur locaux électriques;2579;1005
VLE;Ventilateur locaux électriques;2580;1006
VLE;Ventilateur locaux électriques;2581;1014
PSIEL;Panneau d'Information Quai;2582;15
Concentrateur_EC_API;Equipement de regroupement des tc des EC;2583;1000
ADA;Armoire Distribution Automatique;2584;23
ADA;Armoire Distribution Automatique;2585;26
E_ADUP_THALES;ADUP THALES type5;2589;3
E_ADUP_THALES;ADUP THALES type5;2590;4
E_ADUP_THALES;ADUP THALES type5;2591;5
E_ADUP_THALES;ADUP THALES type5;2592;6
E_ADUP_THALES;ADUP THALES type5;2593;7
E_ADUP_THALES;ADUP THALES type5;2594;8
E_ADUP_THALES;ADUP THALES type5;2595;9
E_ADUP_THALES;ADUP THALES type5;2596;10
E_ADUP_THALES;ADUP THALES type5;2597;11
E_ADUP_THALES;ADUP THALES type5;2598;12
E_ADUP_THALES;ADUP THALES type5;2599;13
E_ADUP_THALES;ADUP THALES type5;2600;14
E_ADUP_THALES;ADUP THALES type5;2601;15
E_ADUP_THALES;ADUP THALES type5;2602;16
E_ADUP_THALES;ADUP THALES type5;2603;17
E_ADUP_THALES;ADUP THALES type5;2604;18
E_ADUP_THALES;ADUP THALES type5;2605;19
E_ADUP_THALES;ADUP THALES type5;2606;20
E_ADUP_THALES;ADUP THALES type5;2607;21
E_ADUP_THALES;ADUP THALES type5;2608;22
E_ADUP_THALES;ADUP THALES type5;2609;23
E_ADUP_THALES;ADUP THALES type5;2610;24
E_ADUP_THALES;ADUP THALES type5;2611;25
E_ADUP_THALES;ADUP THALES type5;2612;26
E_ADUP_THALES;ADUP THALES type5;2613;27
E_ADUP_THALES;ADUP THALES type5;2614;28
E_ADUP_THALES;ADUP THALES type5;2615;29
E_ADUP_THALES;ADUP THALES type5;2616;30
E_ADUP_THALES;ADUP THALES type5;2617;31
E_ADUP_THALES;ADUP THALES type5;2618;32
E_ADUP_THALES;ADUP THALES type5;2619;33
E_ADUP_THALES;ADUP THALES type5;2620;34
E_ADUP_THALES;ADUP THALES type5;2621;35
E_ADUP_THALES;ADUP THALES type5;2622;36
E_ADUP_THALES;ADUP THALES type5;2623;37
E_ADUP_THALES;ADUP THALES type5;2624;38
E_ADUP_THALES;ADUP THALES type5;2625;39
E_ADUP_THALES;ADUP THALES type5;2626;40
E_ADUP_THALES;ADUP THALES type5;2627;41
E_ADUP_THALES;ADUP THALES type5;2628;42
E_ADUP_THALES;ADUP THALES type5;2629;43
E_ADUP_THALES;ADUP THALES type5;2630;44
E_ADUP_THALES;ADUP THALES type5;2631;45
E_ADUP_THALES;ADUP THALES type5;2632;46
E_ADUP_THALES;ADUP THALES type5;2633;47
E_ADUP_THALES;ADUP THALES type5;2634;48
E_ADUP_THALES;ADUP THALES type5;2635;49
E_ADUP_THALES;ADUP THALES type5;2636;50
E_ADUP_THALES;ADUP THALES type5;2637;51
E_ADUP_THALES;ADUP THALES type5;2638;52
E_ADUP_THALES;ADUP THALES type5;2639;53
E_ADUP_THALES;ADUP THALES type5;2640;54
E_ADUP_THALES;ADUP THALES type5;2641;55
E_ADUP_THALES;ADUP THALES type5;2642;56
E_ADUP_THALES;ADUP THALES type5;2643;57
E_ADUP_THALES;ADUP THALES type5;2644;58
E_ADUP_THALES;ADUP THALES type5;2645;59
E_ADUP_THALES;ADUP THALES type5;2646;60
E_ADUP_THALES;ADUP THALES type5;2647;61
E_ADUP_THALES;ADUP THALES type5;2648;62
E_ADUP_THALES;ADUP THALES type5;2649;63
E_ADUP_THALES;ADUP THALES type5;2650;64
E_ADUP_THALES;ADUP THALES type5;2651;65
E_ADUP_THALES;ADUP THALES type5;2652;66
E_ADUP_THALES;ADUP THALES type5;2653;67
E_ADUP_THALES;ADUP THALES type5;2654;68
E_ADUP_THALES;ADUP THALES type5;2655;69
E_ADUP_THALES;ADUP THALES type5;2656;70
E_ADUP_THALES;ADUP THALES type5;2657;71
E_ADUP_THALES;ADUP THALES type5;2658;72
E_ADUP_THALES;ADUP THALES type5;2659;73
E_ADUP_THALES;ADUP THALES type5;2660;74
E_ADUP_THALES;ADUP THALES type5;2661;75
E_ADUP_THALES;ADUP THALES type5;2662;76
E_ADUP_THALES;ADUP THALES type5;2663;77
E_ADUP_THALES;ADUP THALES type5;2664;78
E_ADUP_THALES;ADUP THALES type5;2665;79
E_ADUP_THALES;ADUP THALES type5;2666;80
E_ADUP_THALES;ADUP THALES type5;2667;81
E_ADUP_THALES;ADUP THALES type5;2668;82
E_ADUP_THALES;ADUP THALES type5;2669;83
E_ADUP_THALES;ADUP THALES type5;2670;84
E_ADUP_THALES;ADUP THALES type5;2671;85
E_ADUP_THALES;ADUP THALES type5;2672;86
E_ADUP_THALES;ADUP THALES type5;2673;87
E_ADUP_THALES;ADUP THALES type5;2674;88
E_ADUP_THALES;ADUP THALES type5;2675;89
E_ADUP_THALES;ADUP THALES type5;2676;90
E_ADUP_THALES;ADUP THALES type5;2677;91
E_ADUP_THALES;ADUP THALES type5;2678;92
E_ADUP_THALES;ADUP THALES type5;2679;93
E_ADUP_THALES;ADUP THALES type5;2680;94
E_ADUP_THALES;ADUP THALES type5;2681;95
E_ADUP_THALES;ADUP THALES type5;2682;96
E_ADUP_THALES;ADUP THALES type5;2683;97
E_ADUP_THALES;ADUP THALES type5;2684;98
E_ADUP_THALES;ADUP THALES type5;2685;99
E_ADUP_THALES;ADUP THALES type5;2686;100
E_ADUP_THALES;ADUP THALES type5;2687;101
E_ADUP_THALES;ADUP THALES type5;2688;102
E_ADUP_THALES;ADUP THALES type5;2689;103
E_ADUP_THALES;ADUP THALES type5;2690;104
E_ADUP_THALES;ADUP THALES type5;2691;105
E_ADUP_THALES;ADUP THALES type5;2692;106
E_ADUP_THALES;ADUP THALES type5;2693;107
E_ADUP_THALES;ADUP THALES type5;2694;108
E_ADUP_THALES;ADUP THALES type5;2695;109
E_ADUP_THALES;ADUP THALES type5;2696;110
E_ADUP_THALES;ADUP THALES type5;2697;111
E_ADUP_THALES;ADUP THALES type5;2698;112
E_ADUP_THALES;ADUP THALES type5;2699;113
E_ADUP_THALES;ADUP THALES type5;2700;114
E_ADUP_THALES;ADUP THALES type5;2701;115
E_ADUP_THALES;ADUP THALES type5;2702;116
E_ADUP_THALES;ADUP THALES type5;2703;117
E_ADUP_THALES;ADUP THALES type5;2704;118
E_ADUP_THALES;ADUP THALES type5;2705;119
E_ADUP_THALES;ADUP THALES type5;2706;120
E_ADUP_THALES;ADUP THALES type5;2707;121
E_ADUP_THALES;ADUP THALES type5;2708;122
E_ADUP_THALES;ADUP THALES type5;2709;123
E_ADUP_THALES;ADUP THALES type5;2710;124
E_ADUP_THALES;ADUP THALES type5;2711;125
E_ADUP_THALES;ADUP THALES type5;2712;126
E_ADUP_THALES;ADUP THALES type5;2713;127
E_ADUP_THALES;ADUP THALES type5;2714;128
E_ADUP_THALES;ADUP THALES type5;2715;129
E_ADUP_THALES;ADUP THALES type5;2716;130
E_ADUP_THALES;ADUP THALES type5;2717;131
E_ADUP_THALES;ADUP THALES type5;2718;132
E_ADUP_THALES;ADUP THALES type5;2719;133
E_ADUP_THALES;ADUP THALES type5;2720;134
E_ADUP_THALES;ADUP THALES type5;2721;135
E_ADUP_THALES;ADUP THALES type5;2722;136
E_ADUP_THALES;ADUP THALES type5;2723;137
E_ADUP_THALES;ADUP THALES type5;2724;138
E_ADUP_THALES;ADUP THALES type5;2725;139
E_ADUP_THALES;ADUP THALES type5;2726;140
E_ADUP_THALES;ADUP THALES type5;2727;141
E_ADUP_THALES;ADUP THALES type5;2728;142
E_ADUP_THALES;ADUP THALES type5;2729;143
E_ADUP_THALES;ADUP THALES type5;2730;144
E_ADUP_THALES;ADUP THALES type5;2731;145
E_ADUP_THALES;ADUP THALES type5;2732;146
E_ADUP_THALES;ADUP THALES type5;2733;147
E_ADUP_THALES;ADUP THALES type5;2734;148
E_ADUP_THALES;ADUP THALES type5;2735;149
E_ADUP_THALES;ADUP THALES type5;2736;150
E_ADUP_THALES;ADUP THALES type5;2737;151
E_ADUP_THALES;ADUP THALES type5;2738;152
E_ADUP_THALES;ADUP THALES type5;2739;153
E_ADUP_THALES;ADUP THALES type5;2740;154
E_ADUP_THALES;ADUP THALES type5;2741;155
E_ADUP_THALES;ADUP THALES type5;2742;156
E_ADUP_THALES;ADUP THALES type5;2743;157
E_ADUP_THALES;ADUP THALES type5;2744;158
E_ADUP_THALES;ADUP THALES type5;2745;159
E_ADUP_THALES;ADUP THALES type5;2746;160
E_ADUP_THALES;ADUP THALES type5;2747;161
E_ADUP_THALES;ADUP THALES type5;2748;162
E_ADUP_THALES;ADUP THALES type5;2749;163
E_ADUP_THALES;ADUP THALES type5;2750;164
E_ADUP_THALES;ADUP THALES type5;2751;165
E_ADUP_THALES;ADUP THALES type5;2752;166
E_ADUP_THALES;ADUP THALES type5;2753;167
E_ADUP_THALES;ADUP THALES type5;2754;168
E_ADUP_THALES;ADUP THALES type5;2755;169
E_ADUP_THALES;ADUP THALES type5;2756;170
E_ADUP_THALES;ADUP THALES type5;2757;171
E_ADUP_THALES;ADUP THALES type5;2758;172
E_ADUP_THALES;ADUP THALES type5;2759;173
E_ADUP_THALES;ADUP THALES type5;2760;174
E_ADUP_THALES;ADUP THALES type5;2761;175
E_ADUP_THALES;ADUP THALES type5;2762;176
E_ADUP_THALES;ADUP THALES type5;2763;177
E_ADUP_THALES;ADUP THALES type5;2764;178
E_ADUP_THALES;ADUP THALES type5;2765;179
E_ADUP_THALES;ADUP THALES type5;2766;180
E_ADUP_THALES;ADUP THALES type5;2767;181
E_ADUP_THALES;ADUP THALES type5;2768;182
E_ADUP_THALES;ADUP THALES type5;2769;183
E_ADUP_THALES;ADUP THALES type5;2770;184
E_ADUP_THALES;ADUP THALES type5;2771;185
E_ADUP_THALES;ADUP THALES type5;2772;186
E_ADUP_THALES;ADUP THALES type5;2773;187
E_ADUP_THALES;ADUP THALES type5;2774;188
E_ADUP_THALES;ADUP THALES type5;2775;189
E_ADUP_THALES;ADUP THALES type5;2776;190
E_ADUP_THALES;ADUP THALES type5;2777;191
E_ADUP_THALES;ADUP THALES type5;2778;192
E_ADUP_THALES;ADUP THALES type5;2779;193
E_ADUP_THALES;ADUP THALES type5;2780;194
E_ADUP_THALES;ADUP THALES type5;2781;195
E_ADUP_THALES;ADUP THALES type5;2782;196
E_ADUP_THALES;ADUP THALES type5;2783;197
E_ADUP_THALES;ADUP THALES type5;2784;198
E_ADUP_THALES;ADUP THALES type5;2785;199
E_ADUP_THALES;ADUP THALES type5;2786;200
E_ADUP_THALES;ADUP THALES type5;2787;201
E_ADUP_THALES;ADUP THALES type5;2788;202
E_ADUP_THALES;ADUP THALES type5;2789;203
E_ADUP_THALES;ADUP THALES type5;2790;204
E_ADUP_THALES;ADUP THALES type5;2791;205
E_ADUP_THALES;ADUP THALES type5;2792;206
E_ADUP_THALES;ADUP THALES type5;2793;207
E_ADUP_THALES;ADUP THALES type5;2794;208
E_ADUP_THALES;ADUP THALES type5;2795;209
E_ADUP_THALES;ADUP THALES type5;2796;210
E_ADUP_THALES;ADUP THALES type5;2797;211
E_ADUP_THALES;ADUP THALES type5;2798;212
E_ADUP_THALES;ADUP THALES type5;2799;213
E_ADUP_THALES;ADUP THALES type5;2800;214
E_ADUP_THALES;ADUP THALES type5;2801;215
E_ADUP_THALES;ADUP THALES type5;2802;216
E_ADUP_THALES;ADUP THALES type5;2803;217
E_ADUP_THALES;ADUP THALES type5;2804;218
E_ADUP_THALES;ADUP THALES type5;2805;219
E_ADUP_THALES;ADUP THALES type5;2806;220
E_ADUP_THALES;ADUP THALES type5;2807;221
E_ADUP_THALES;ADUP THALES type5;2808;222
E_ADUP_THALES;ADUP THALES type5;2809;223
E_ADUP_THALES;ADUP THALES type5;2810;224
E_ADUP_THALES;ADUP THALES type5;2811;225
E_ADUP_THALES;ADUP THALES type5;2812;226
E_ADUP_THALES;ADUP THALES type5;2813;227
E_ADUP_THALES;ADUP THALES type5;2814;228
E_ADUP_THALES;ADUP THALES type5;2815;229
E_ADUP_THALES;ADUP THALES type5;2816;230
E_ADUP_THALES;ADUP THALES type5;2817;231
E_ADUP_THALES;ADUP THALES type5;2818;232
E_ADUP_THALES;ADUP THALES type5;2819;233
E_ADUP_THALES;ADUP THALES type5;2820;234
E_ADUP_THALES;ADUP THALES type5;2821;235
E_ADUP_THALES;ADUP THALES type5;2822;236
E_ADUP_THALES;ADUP THALES type5;2823;237
E_ADUP_THALES;ADUP THALES type5;2824;238
E_ADUP_THALES;ADUP THALES type5;2825;239
E_ADUP_THALES;ADUP THALES type5;2826;240
E_ADUP_THALES;ADUP THALES type5;2827;241
E_ADUP_THALES;ADUP THALES type5;2828;242
E_ADUP_THALES;ADUP THALES type5;2829;243
E_ADUP_THALES;ADUP THALES type5;2830;244
E_ADUP_THALES;ADUP THALES type5;2831;245
E_ADUP_THALES;ADUP THALES type5;2832;246
E_ADUP_THALES;ADUP THALES type5;2833;247
E_ADUP_THALES;ADUP THALES type5;2835;701
E_ADUP_ASCOM;ADUP ASCOM type4;2836;900
E_ADUP_ASCOM;ADUP ASCOM type4;2837;1
E_ADUP_ASCOM;ADUP ASCOM type4;2838;2
E_ADUP_ASCOM;ADUP ASCOM type4;2839;3
E_ADUP_ASCOM;ADUP ASCOM type4;2840;4
E_ADUP_ASCOM;ADUP ASCOM type4;2841;5
E_ADUP_ASCOM;ADUP ASCOM type4;2842;6
E_ADUP_ASCOM;ADUP ASCOM type4;2843;7
E_ADUP_ASCOM;ADUP ASCOM type4;2844;8
E_ADUP_ASCOM;ADUP ASCOM type4;2845;9
E_ADUP_ASCOM;ADUP ASCOM type4;2846;10
E_ADUP_ASCOM;ADUP ASCOM type4;2847;11
E_ADUP_ASCOM;ADUP ASCOM type4;2848;12
E_ADUP_ASCOM;ADUP ASCOM type4;2849;13
E_ADUP_ASCOM;ADUP ASCOM type4;2850;14
E_ADUP_ASCOM;ADUP ASCOM type4;2851;15
E_ADUP_ASCOM;ADUP ASCOM type4;2852;16
E_ADUP_ASCOM;ADUP ASCOM type4;2853;17
E_ADUP_ASCOM;ADUP ASCOM type4;2854;18
E_ADUP_ASCOM;ADUP ASCOM type4;2855;19
E_ADUP_ASCOM;ADUP ASCOM type4;2856;20
E_ADUP_ASCOM;ADUP ASCOM type4;2857;21
E_ADUP_ASCOM;ADUP ASCOM type4;2858;22
E_ADUP_ASCOM;ADUP ASCOM type4;2859;23
E_ADUP_ASCOM;ADUP ASCOM type4;2860;24
E_ADUP_ASCOM;ADUP ASCOM type4;2861;25
E_ADUP_ASCOM;ADUP ASCOM type4;2862;26
E_ADUP_ASCOM;ADUP ASCOM type4;2863;27
E_ADUP_ASCOM;ADUP ASCOM type4;2864;28
E_ADUP_ASCOM;ADUP ASCOM type4;2865;29
E_ADUP_ASCOM;ADUP ASCOM type4;2866;30
E_ADUP_ASCOM;ADUP ASCOM type4;2867;31
E_ADUP_ASCOM;ADUP ASCOM type4;2868;32
E_ADUP_ASCOM;ADUP ASCOM type4;2869;33
E_ADUP_ASCOM;ADUP ASCOM type4;2870;34
E_ADUP_ASCOM;ADUP ASCOM type4;2871;35
E_ADUP_ASCOM;ADUP ASCOM type4;2872;36
E_ADUP_ASCOM;ADUP ASCOM type4;2873;37
E_ADUP_ASCOM;ADUP ASCOM type4;2874;38
E_ADUP_ASCOM;ADUP ASCOM type4;2875;39
E_ADUP_ASCOM;ADUP ASCOM type4;2876;40
E_ADUP_ASCOM;ADUP ASCOM type4;2877;41
E_ADUP_ASCOM;ADUP ASCOM type4;2878;42
E_ADUP_ASCOM;ADUP ASCOM type4;2879;43
E_ADUP_ASCOM;ADUP ASCOM type4;2880;44
E_ADUP_ASCOM;ADUP ASCOM type4;2881;45
E_ADUP_ASCOM;ADUP ASCOM type4;2882;46
E_ADUP_ASCOM;ADUP ASCOM type4;2883;47
E_ADUP_ASCOM;ADUP ASCOM type4;2884;48
E_ADUP_ASCOM;ADUP ASCOM type4;2885;49
E_ADUP_ASCOM;ADUP ASCOM type4;2886;50
E_ADUP_ASCOM;ADUP ASCOM type4;2887;51
E_ADUP_ASCOM;ADUP ASCOM type4;2888;52
E_ADUP_ASCOM;ADUP ASCOM type4;2889;53
E_ADUP_ASCOM;ADUP ASCOM type4;2890;54
E_ADUP_ASCOM;ADUP ASCOM type4;2891;55
E_ADUP_ASCOM;ADUP ASCOM type4;2892;56
E_ADUP_ASCOM;ADUP ASCOM type4;2893;57
E_ADUP_ASCOM;ADUP ASCOM type4;2894;58
E_ADUP_ASCOM;ADUP ASCOM type4;2895;59
E_ADUP_ASCOM;ADUP ASCOM type4;2896;60
E_ADUP_ASCOM;ADUP ASCOM type4;2897;61
E_ADUP_ASCOM;ADUP ASCOM type4;2898;62
E_ADUP_ASCOM;ADUP ASCOM type4;2899;63
E_ADUP_ASCOM;ADUP ASCOM type4;2900;64
E_ADUP_ASCOM;ADUP ASCOM type4;2901;65
E_ADUP_ASCOM;ADUP ASCOM type4;2902;66
E_ADUP_ASCOM;ADUP ASCOM type4;2903;67
E_ADUP_ASCOM;ADUP ASCOM type4;2904;68
E_ADUP_ASCOM;ADUP ASCOM type4;2905;69
E_ADUP_ASCOM;ADUP ASCOM type4;2906;70
E_ADUP_ASCOM;ADUP ASCOM type4;2907;71
E_ADUP_ASCOM;ADUP ASCOM type4;2908;72
E_ADUP_ASCOM;ADUP ASCOM type4;2909;73
E_ADUP_ASCOM;ADUP ASCOM type4;2910;74
E_ADUP_ASCOM;ADUP ASCOM type4;2911;75
E_ADUP_ASCOM;ADUP ASCOM type4;2912;76
E_ADUP_ASCOM;ADUP ASCOM type4;2913;77
E_ADUP_ASCOM;ADUP ASCOM type4;2914;78
E_ADUP_ASCOM;ADUP ASCOM type4;2915;79
E_ADUP_ASCOM;ADUP ASCOM type4;2916;80
E_ADUP_ASCOM;ADUP ASCOM type4;2917;81
E_ADUP_ASCOM;ADUP ASCOM type4;2918;82
E_ADUP_ASCOM;ADUP ASCOM type4;2919;83
E_ADUP_ASCOM;ADUP ASCOM type4;2920;84
E_ADUP_ASCOM;ADUP ASCOM type4;2921;85
E_ADUP_ASCOM;ADUP ASCOM type4;2922;86
E_ADUP_ASCOM;ADUP ASCOM type4;2923;87
E_ADUP_ASCOM;ADUP ASCOM type4;2924;88
E_ADUP_ASCOM;ADUP ASCOM type4;2925;89
E_ADUP_ASCOM;ADUP ASCOM type4;2926;90
E_ADUP_ASCOM;ADUP ASCOM type4;2927;91
E_ADUP_ASCOM;ADUP ASCOM type4;2928;92
E_ADUP_ASCOM;ADUP ASCOM type4;2929;93
E_ADUP_ASCOM;ADUP ASCOM type4;2930;94
E_ADUP_ASCOM;ADUP ASCOM type4;2931;95
E_ADUP_ASCOM;ADUP ASCOM type4;2932;96
E_ADUP_ASCOM;ADUP ASCOM type4;2933;97
E_ADUP_ASCOM;ADUP ASCOM type4;2934;98
E_ADUP_ASCOM;ADUP ASCOM type4;2935;99
E_ADUP_ASCOM;ADUP ASCOM type4;2936;100
E_ADUP_ASCOM;ADUP ASCOM type4;2937;101
E_ADUP_ASCOM;ADUP ASCOM type4;2938;102
E_ADUP_ASCOM;ADUP ASCOM type4;2939;103
E_ADUP_ASCOM;ADUP ASCOM type4;2940;104
E_ADUP_ASCOM;ADUP ASCOM type4;2941;105
E_ADUP_ASCOM;ADUP ASCOM type4;2942;106
E_ADUP_ASCOM;ADUP ASCOM type4;2943;107
E_ADUP_ASCOM;ADUP ASCOM type4;2944;108
E_ADUP_ASCOM;ADUP ASCOM type4;2945;109
E_ADUP_ASCOM;ADUP ASCOM type4;2946;110
E_ADUP_ASCOM;ADUP ASCOM type4;2947;111
E_ADUP_ASCOM;ADUP ASCOM type4;2948;112
E_ADUP_ASCOM;ADUP ASCOM type4;2949;113
E_ADUP_ASCOM;ADUP ASCOM type4;2950;114
E_ADUP_ASCOM;ADUP ASCOM type4;2951;115
E_ADUP_ASCOM;ADUP ASCOM type4;2952;116
E_ADUP_ASCOM;ADUP ASCOM type4;2953;117
E_ADUP_ASCOM;ADUP ASCOM type4;2954;118
E_ADUP_ASCOM;ADUP ASCOM type4;2955;119
E_ADUP_ASCOM;ADUP ASCOM type4;2956;120
E_ADUP_ASCOM;ADUP ASCOM type4;2957;121
E_ADUP_ASCOM;ADUP ASCOM type4;2958;122
E_ADUP_ASCOM;ADUP ASCOM type4;2959;123
E_ADUP_ASCOM;ADUP ASCOM type4;2960;124
E_ADUP_ASCOM;ADUP ASCOM type4;2961;125
E_ADUP_ASCOM;ADUP ASCOM type4;2962;126
E_ADUP_ASCOM;ADUP ASCOM type4;2963;127
E_ADUP_ASCOM;ADUP ASCOM type4;2964;128
E_ADUP_ASCOM;ADUP ASCOM type4;2965;129
E_ADUP_ASCOM;ADUP ASCOM type4;2966;130
E_ADUP_ASCOM;ADUP ASCOM type4;2967;131
E_ADUP_ASCOM;ADUP ASCOM type4;2968;132
E_ADUP_ASCOM;ADUP ASCOM type4;2969;133
E_ADUP_ASCOM;ADUP ASCOM type4;2970;134
E_ADUP_ASCOM;ADUP ASCOM type4;2971;135
E_ADUP_ASCOM;ADUP ASCOM type4;2972;136
E_ADUP_ASCOM;ADUP ASCOM type4;2973;137
E_ADUP_ASCOM;ADUP ASCOM type4;2974;138
E_ADUP_ASCOM;ADUP ASCOM type4;2975;139
E_ADUP_ASCOM;ADUP ASCOM type4;2976;140
E_ADUP_ASCOM;ADUP ASCOM type4;2977;141
E_ADUP_ASCOM;ADUP ASCOM type4;2978;142
E_ADUP_ASCOM;ADUP ASCOM type4;2979;143
E_ADUP_ASCOM;ADUP ASCOM type4;2980;144
E_ADUP_ASCOM;ADUP ASCOM type4;2981;145
E_ADUP_ASCOM;ADUP ASCOM type4;2982;146
E_ADUP_ASCOM;ADUP ASCOM type4;2983;147
E_ADUP_ASCOM;ADUP ASCOM type4;2984;148
E_ADUP_ASCOM;ADUP ASCOM type4;2985;149
E_ADUP_ASCOM;ADUP ASCOM type4;2986;150
E_ADUP_ASCOM;ADUP ASCOM type4;2987;151
E_ADUP_ASCOM;ADUP ASCOM type4;2988;152
E_ADUP_ASCOM;ADUP ASCOM type4;2989;153
E_ADUP_ASCOM;ADUP ASCOM type4;2990;154
E_ADUP_ASCOM;ADUP ASCOM type4;2991;155
E_ADUP_ASCOM;ADUP ASCOM type4;2992;156
E_ADUP_ASCOM;ADUP ASCOM type4;2993;157
E_ADUP_ASCOM;ADUP ASCOM type4;2994;158
E_ADUP_ASCOM;ADUP ASCOM type4;2995;159
E_ADUP_ASCOM;ADUP ASCOM type4;2996;160
E_ADUP_ASCOM;ADUP ASCOM type4;2997;161
E_ADUP_ASCOM;ADUP ASCOM type4;2998;162
E_ADUP_ASCOM;ADUP ASCOM type4;2999;163
E_ADUP_ASCOM;ADUP ASCOM type4;3000;164
E_ADUP_ASCOM;ADUP ASCOM type4;3001;165
E_ADUP_ASCOM;ADUP ASCOM type4;3002;166
E_ADUP_ASCOM;ADUP ASCOM type4;3003;167
E_ADUP_ASCOM;ADUP ASCOM type4;3004;168
E_ADUP_ASCOM;ADUP ASCOM type4;3005;169
E_ADUP_ASCOM;ADUP ASCOM type4;3006;170
E_ADUP_ASCOM;ADUP ASCOM type4;3007;171
E_ADUP_ASCOM;ADUP ASCOM type4;3008;172
E_ADUP_ASCOM;ADUP ASCOM type4;3009;173
E_ADUP_ASCOM;ADUP ASCOM type4;3010;174
E_ADUP_ASCOM;ADUP ASCOM type4;3011;175
E_ADUP_ASCOM;ADUP ASCOM type4;3012;176
E_ADUP_ASCOM;ADUP ASCOM type4;3013;177
E_ADUP_ASCOM;ADUP ASCOM type4;3014;178
E_ADUP_ASCOM;ADUP ASCOM type4;3015;179
E_ADUP_ASCOM;ADUP ASCOM type4;3016;180
E_ADUP_ASCOM;ADUP ASCOM type4;3017;181
E_ADUP_ASCOM;ADUP ASCOM type4;3018;182
E_ADUP_ASCOM;ADUP ASCOM type4;3019;183
E_ADUP_ASCOM;ADUP ASCOM type4;3020;184
E_ADUP_ASCOM;ADUP ASCOM type4;3021;185
E_ADUP_ASCOM;ADUP ASCOM type4;3022;186
E_ADUP_ASCOM;ADUP ASCOM type4;3023;187
E_ADUP_ASCOM;ADUP ASCOM type4;3024;188
E_ADUP_ASCOM;ADUP ASCOM type4;3025;189
E_ADUP_ASCOM;ADUP ASCOM type4;3026;190
E_ADUP_ASCOM;ADUP ASCOM type4;3027;191
E_ADUP_ASCOM;ADUP ASCOM type4;3028;192
E_ADUP_ASCOM;ADUP ASCOM type4;3029;193
E_ADUP_ASCOM;ADUP ASCOM type4;3030;194
E_ADUP_ASCOM;ADUP ASCOM type4;3031;195
E_ADUP_ASCOM;ADUP ASCOM type4;3032;196
E_ADUP_ASCOM;ADUP ASCOM type4;3033;197
E_ADUP_ASCOM;ADUP ASCOM type4;3034;198
E_ADUP_ASCOM;ADUP ASCOM type4;3035;199
E_ADUP_ASCOM;ADUP ASCOM type4;3036;200
E_ADUP_ASCOM;ADUP ASCOM type4;3037;201
E_ADUP_ASCOM;ADUP ASCOM type4;3038;202
E_ADUP_ASCOM;ADUP ASCOM type4;3039;203
E_ADUP_ASCOM;ADUP ASCOM type4;3040;204
E_ADUP_ASCOM;ADUP ASCOM type4;3041;205
E_ADUP_ASCOM;ADUP ASCOM type4;3042;206
E_ADUP_ASCOM;ADUP ASCOM type4;3043;207
E_ADUP_ASCOM;ADUP ASCOM type4;3044;208
E_ADUP_ASCOM;ADUP ASCOM type4;3045;209
E_ADUP_ASCOM;ADUP ASCOM type4;3046;210
E_ADUP_ASCOM;ADUP ASCOM type4;3047;211
E_ADUP_ASCOM;ADUP ASCOM type4;3048;212
E_ADUP_ASCOM;ADUP ASCOM type4;3049;213
E_ADUP_ASCOM;ADUP ASCOM type4;3050;214
E_ADUP_ASCOM;ADUP ASCOM type4;3051;215
E_ADUP_ASCOM;ADUP ASCOM type4;3052;216
E_ADUP_ASCOM;ADUP ASCOM type4;3053;217
E_ADUP_ASCOM;ADUP ASCOM type4;3054;218
E_ADUP_ASCOM;ADUP ASCOM type4;3055;219
E_ADUP_ASCOM;ADUP ASCOM type4;3056;220
E_ADUP_ASCOM;ADUP ASCOM type4;3057;221
E_ADUP_ASCOM;ADUP ASCOM type4;3058;222
E_ADUP_ASCOM;ADUP ASCOM type4;3059;223
E_ADUP_ASCOM;ADUP ASCOM type4;3060;224
E_ADUP_ASCOM;ADUP ASCOM type4;3061;225
E_ADUP_ASCOM;ADUP ASCOM type4;3062;226
E_ADUP_ASCOM;ADUP ASCOM type4;3063;227
E_ADUP_ASCOM;ADUP ASCOM type4;3064;228
E_ADUP_ASCOM;ADUP ASCOM type4;3065;229
E_ADUP_ASCOM;ADUP ASCOM type4;3066;230
E_ADUP_ASCOM;ADUP ASCOM type4;3067;231
E_ADUP_ASCOM;ADUP ASCOM type4;3068;232
E_ADUP_ASCOM;ADUP ASCOM type4;3069;233
E_ADUP_ASCOM;ADUP ASCOM type4;3070;234
E_ADUP_ASCOM;ADUP ASCOM type4;3071;235
E_ADUP_ASCOM;ADUP ASCOM type4;3072;236
E_ADUP_ASCOM;ADUP ASCOM type4;3073;237
E_ADUP_ASCOM;ADUP ASCOM type4;3074;238
E_ADUP_ASCOM;ADUP ASCOM type4;3075;239
E_ADUP_ASCOM;ADUP ASCOM type4;3076;240
E_ADUP_ASCOM;ADUP ASCOM type4;3077;241
E_ADUP_ASCOM;ADUP ASCOM type4;3078;242
E_ADUP_ASCOM;ADUP ASCOM type4;3079;243
E_ADUP_ASCOM;ADUP ASCOM type4;3080;244
E_ADUP_ASCOM;ADUP ASCOM type4;3081;245
E_ADUP_ASCOM;ADUP ASCOM type4;3082;246
E_ADUP_ASCOM;ADUP ASCOM type4;3083;247
E_ADUP_ASCOM;ADUP ASCOM type4;3084;248
E_ADUP_ASCOM;ADUP ASCOM type4;3085;249
E_ADUP_ASCOM;ADUP ASCOM type4;3086;250
E_ADUP_ASCOM;ADUP ASCOM type4;3087;251
E_ADUP_ASCOM;ADUP ASCOM type4;3088;252
E_ADUP_ASCOM;ADUP ASCOM type4;3089;253
E_ADUP_ASCOM;ADUP ASCOM type4;3090;254
E_ADUP_ASCOM;ADUP ASCOM type4;3091;255
E_ADUP_ASCOM;ADUP ASCOM type4;3092;256
E_ADUP_ASCOM;ADUP ASCOM type4;3093;257
E_ADUP_ASCOM;ADUP ASCOM type4;3094;258
E_ADUP_ASCOM;ADUP ASCOM type4;3095;259
E_ADUP_ASCOM;ADUP ASCOM type4;3096;260
E_ADUP_ASCOM;ADUP ASCOM type4;3097;261
E_ADUP_ASCOM;ADUP ASCOM type4;3098;262
E_ADUP_ASCOM;ADUP ASCOM type4;3099;263
E_ADUP_ASCOM;ADUP ASCOM type4;3100;264
E_ADUP_ASCOM;ADUP ASCOM type4;3101;265
E_ADUP_ASCOM;ADUP ASCOM type4;3102;266
E_ADUP_ASCOM;ADUP ASCOM type4;3103;267
E_ADUP_ASCOM;ADUP ASCOM type4;3104;268
E_ADUP_ASCOM;ADUP ASCOM type4;3105;269
E_ADUP_ASCOM;ADUP ASCOM type4;3106;270
E_ADUP_ASCOM;ADUP ASCOM type4;3107;271
E_ADUP_ASCOM;ADUP ASCOM type4;3108;272
E_ADUP_ASCOM;ADUP ASCOM type4;3109;273
E_ADUP_ASCOM;ADUP ASCOM type4;3110;274
E_ADUP_ASCOM;ADUP ASCOM type4;3111;275
E_ADUP_ASCOM;ADUP ASCOM type4;3112;276
E_ADUP_ASCOM;ADUP ASCOM type4;3113;277
E_ADUP_ASCOM;ADUP ASCOM type4;3114;278
E_ADUP_ASCOM;ADUP ASCOM type4;3115;279
E_ADUP_ASCOM;ADUP ASCOM type4;3116;280
E_ADUP_ASCOM;ADUP ASCOM type4;3117;281
E_ADUP_ASCOM;ADUP ASCOM type4;3118;282
E_ADUP_ASCOM;ADUP ASCOM type4;3119;283
E_ADUP_ASCOM;ADUP ASCOM type4;3120;284
E_ADUP_ASCOM;ADUP ASCOM type4;3121;285
E_ADUP_ASCOM;ADUP ASCOM type4;3122;286
E_ADUP_ASCOM;ADUP ASCOM type4;3123;287
E_ADUP_ASCOM;ADUP ASCOM type4;3124;288
E_ADUP_ASCOM;ADUP ASCOM type4;3125;289
E_ADUP_ASCOM;ADUP ASCOM type4;3126;290
E_ADUP_ASCOM;ADUP ASCOM type4;3127;291
E_ADUP_ASCOM;ADUP ASCOM type4;3128;292
E_ADUP_ASCOM;ADUP ASCOM type4;3129;293
E_ADUP_ASCOM;ADUP ASCOM type4;3130;294
E_ADUP_ASCOM;ADUP ASCOM type4;3131;295
E_ADUP_ASCOM;ADUP ASCOM type4;3132;296
E_ADUP_ASCOM;ADUP ASCOM type4;3133;297
E_ADUP_ASCOM;ADUP ASCOM type4;3134;298
E_ADUP_ASCOM;ADUP ASCOM type4;3135;299
E_ADUP_ASCOM;ADUP ASCOM type4;3136;300
E_ADUP_ASCOM;ADUP ASCOM type4;3137;301
E_ADUP_THALES;ADUP THALES type5;2834;1000
E_ADUP_ASCOM;ADUP ASCOM type4;3138;1000
ADA;Armoire Distribution Automatique;3140;999999
EC_Cordon_Chauffant;Cordon Chauffant Elément Chauffant;3139;999999
ADA;Armoire Distribution Automatique;3141;1
ADA;Armoire Distribution Automatique;3142;7
ADA;Armoire Distribution Automatique;3143;16
ADA;Armoire Distribution Automatique;3144;24
ADA;Armoire Distribution Automatique;3145;25
ADUP;Appareil Distributeur à l'Usage du Public type1;3146;999999
ADUP;Appareil Distributeur à l'Usage du Public type1;3147;1000
ADUP;Appareil Distributeur à l'Usage du Public type1;3148;1014
API_BOURDON;API_BOURDON;3149;1
API_BOURDON;API_BOURDON;3150;2
API_BOURDON;API_BOURDON;3151;3
API_BOURDON;API_BOURDON;3152;4
API_BOURDON;API_BOURDON;3153;5
API_BOURDON;API_BOURDON;3154;6
API_BOURDON;API_BOURDON;3155;7
API_BOURDON;API_BOURDON;3156;8
API_BOURDON;API_BOURDON;3157;9
API_BOURDON;API_BOURDON;3158;10
API_BOURDON;API_BOURDON;3159;11
API_BOURDON;API_BOURDON;3160;12
API_BOURDON;API_BOURDON;3161;13
API_BOURDON;API_BOURDON;3162;14
API_BOURDON;API_BOURDON;3163;15
API_BOURDON;API_BOURDON;3164;16
API_BOURDON;API_BOURDON;3165;17
API_BOURDON;API_BOURDON;3166;18
API_BOURDON;API_BOURDON;3167;19
API_BOURDON;API_BOURDON;3168;20
API_BOURDON;API_BOURDON;3169;21
API_BOURDON;API_BOURDON;3170;22
API_BOURDON;API_BOURDON;3171;23
API_BOURDON;API_BOURDON;3172;24
API_BOURDON;API_BOURDON;3173;25
API_BOURDON;API_BOURDON;3174;26
API_BOURDON;API_BOURDON;3175;27
API_BOURDON;API_BOURDON;3176;28
API_BOURDON;API_BOURDON;3177;29
API_BOURDON;API_BOURDON;3178;30
API_BOURDON;API_BOURDON;3179;31
API_BOURDON;API_BOURDON;3180;32
API_BOURDON;API_BOURDON;3181;33
API_BOURDON;API_BOURDON;3182;34
API_BOURDON;API_BOURDON;3183;35
API_BOURDON;API_BOURDON;3184;36
API_BOURDON;API_BOURDON;3185;37
API_BOURDON;API_BOURDON;3186;38
API_BOURDON;API_BOURDON;3187;39
API_BOURDON;API_BOURDON;3188;40
API_BOURDON;API_BOURDON;3189;41
API_BOURDON;API_BOURDON;3190;1000
API_BOURDON;API_BOURDON;3191;1001
API_BOURDON;API_BOURDON;3192;1002
API_BOURDON;API_BOURDON;3193;1003
API_BOURDON;API_BOURDON;3194;1004
API_BOURDON;API_BOURDON;3195;1005
API_BOURDON;API_BOURDON;3196;1006
API_BOURDON;API_BOURDON;3197;1014
API_STA;API station métro;3198;1001
API_STA;API station métro;3199;1002
API_STA;API station métro;3200;1005
API_EA_GTC;Centrale alarme accédé via un API GTC;3201;999999
API_ERM;Eqpt concentrateur API ERM (CDS RER);3202;999999
API_GTC;API concentrateur GTC Telephonie/sono/EAI(API_GTC);3203;999999
AEROA;Aéroéjecteur Autonome;3204;9
AEROA;Aéroéjecteur Autonome;3205;1014
Aeroejecteur_Comp;Aeroejecteur Compresseur;3206;999999
Aeroejecteur_Comp;Aeroejecteur Compresseur;3207;2
Aeroejecteur_Comp;Aeroejecteur Compresseur;3208;3
Aeroejecteur_Comp;Aeroejecteur Compresseur;3209;4
Aeroejecteur_Comp;Aeroejecteur Compresseur;3210;1000
Aeroejecteur_Comp;Aeroejecteur Compresseur;3211;1014
PSIEL;Panneau d'Information Quai;3212;1014
Alarme_Synthese;Alarme Synthese via API Station et Gare;3213;1014
Ampli_GTC;Amplificateur via un API GTC;3214;999999
Armoire_Forte_GTC;Armoire Forte dans Zone agression via API  GTC;3215;999999
Ascenseur;Ascenseur;3216;38
Ascenseur;Ascenseur;3217;39
Ascenseur;Ascenseur;3218;40
Ascenseur;Ascenseur;3219;41
Ascenseur;Ascenseur;3220;42
Ascenseur;Ascenseur;3221;43
Ascenseur;Ascenseur;3222;44
Ascenseur;Ascenseur;3223;45
Ascenseur;Ascenseur;3224;46
Ascenseur;Ascenseur;3225;47
Ascenseur;Ascenseur;3226;48
Ascenseur;Ascenseur;3227;49
Ascenseur;Ascenseur;3228;50
Ascenseur;Ascenseur;3229;51
Ascenseur;Ascenseur;3230;52
Ascenseur;Ascenseur;3231;53
Ascenseur;Ascenseur;3232;54
Ascenseur;Ascenseur;3233;55
Ascenseur;Ascenseur;3234;56
Ascenseur;Ascenseur;3235;57
Ascenseur;Ascenseur;3236;58
Ascenseur;Ascenseur;3237;59
Ascenseur;Ascenseur;3238;60
Ascenseur;Ascenseur;3239;61
Ascenseur;Ascenseur;3240;62
Ascenseur;Ascenseur;3241;63
Ascenseur;Ascenseur;3242;64
Ascenseur;Ascenseur;3243;65
Ascenseur;Ascenseur;3244;66
Ascenseur;Ascenseur;3245;67
Ascenseur;Ascenseur;3246;68
Ascenseur;Ascenseur;3247;69
Ascenseur;Ascenseur;3248;70
Ascenseur;Ascenseur;3249;71
Ascenseur;Ascenseur;3250;72
Ascenseur;Ascenseur;3251;73
Ascenseur;Ascenseur;3252;74
Ascenseur;Ascenseur;3253;75
Ascenseur;Ascenseur;3254;76
Ascenseur;Ascenseur;3255;77
Ascenseur;Ascenseur;3256;78
Ascenseur;Ascenseur;3257;79
Ascenseur;Ascenseur;3258;80
Ascenseur;Ascenseur;3259;81
Ascenseur;Ascenseur;3260;82
Ascenseur;Ascenseur;3261;83
Ascenseur;Ascenseur;3262;84
Ascenseur;Ascenseur;3263;85
Ascenseur;Ascenseur;3264;86
Ascenseur;Ascenseur;3265;87
Ascenseur;Ascenseur;3266;88
Ascenseur;Ascenseur;3267;89
Ascenseur;Ascenseur;3268;1014
BAES;Bloc Autonome Eclairage Secours;3269;1014
BAM;Baie d'Aération Motorisée;3270;8
BAM;Baie d'Aération Motorisée;3271;9
BAM;Baie d'Aération Motorisée;3272;1014
PEP;Poste d'Epuisement;3273;32
PEP;Poste d'Epuisement;3274;1014
Bris_de_glace;Bris de glace via API Station et Gare;3275;1014
Buzzer;Buzzer via API Station et Gare;3276;1012
CACC;Contrôle d'Accès métro Symphonie;3277;1014
CSONO;Centrale de Sonorisation CDSMG et Symphonie;3278;22
CSONO;Centrale de Sonorisation CDSMG et Symphonie;3279;1005
Coffret_Sonal;Coffret Sonal via API Station et Gare;3280;1014
Compresseur;Compresseur;3281;17
Compresseur;Compresseur;3282;1014
Contact_Porte_GTC;Contact porte Zone effraction via API  GTC;3283;999999
Alarme_PEF;Alarme_PEF via API Station et Gare;3284;1
Alarme_PEF;Alarme_PEF via API Station et Gare;3285;1014
DetectionIncendie;Détection Incendie via API Station et Gare;3286;1
DetectionIncendie;Détection Incendie via API Station et Gare;3287;2
DetectionIncendie;Détection Incendie via API Station et Gare;3288;1014
Diffuseur;Diffuseur de musique CL;3289;1000
Diffuseur;Diffuseur de musique CL;3290;1001
Diffuseur;Diffuseur de musique CL;3291;1014
Disjoncteur_Camera_GTC;Disjoncteur Carméra via API  GTC;3292;999999
Disjoncteur_DBT_PEF;PEF Métro;3293;5
Disjoncteur_DBT_PEF;PEF Métro;3294;6
Disjoncteur_DBT_PEF;PEF Métro;3295;7
Disjoncteur_DBT_PEF;PEF Métro;3296;8
Disjoncteur_DBT_PEF;PEF Métro;3297;9
Disjoncteur_DBT_PEF;PEF Métro;3298;10
Disjoncteur_DBT_PEF;PEF Métro;3299;11
Disjoncteur_DBT_PEF;PEF Métro;3300;12
Disjoncteur_DBT_PEF;PEF Métro;3301;13
Disjoncteur_DBT_PEF;PEF Métro;3302;14
Disjoncteur_DBT_PEF;PEF Métro;3303;15
Disjoncteur_DBT_PEF;PEF Métro;3304;16
Disjoncteur_DBT_PEF;PEF Métro;3305;17
Disjoncteur_DBT_PEF;PEF Métro;3306;18
Disjoncteur_DBT_PEF;PEF Métro;3307;19
Disjoncteur_DBT_PEF;PEF Métro;3308;20
Disjoncteur_DBT_PEF;PEF Métro;3309;21
Disjoncteur_DBT_PEF;PEF Métro;3310;22
Disjoncteur_DBT_PEF;PEF Métro;3311;23
Disjoncteur_DBT_PEF;PEF Métro;3312;24
Disjoncteur_DBT_PEF;PEF Métro;3313;25
Disjoncteur_DBT_PEF;PEF Métro;3314;26
Disjoncteur_DBT_PEF;PEF Métro;3315;27
Disjoncteur_DBT_PEF;PEF Métro;3316;28
Disjoncteur_DBT_PEF;PEF Métro;3317;29
Disjoncteur_DBT_PEF;PEF Métro;3318;30
Disjoncteur_DBT_PEF;PEF Métro;3319;31
Disjoncteur_DBT_PEF;PEF Métro;3320;32
Disjoncteur_DBT_PEF;PEF Métro;3321;33
Disjoncteur_DBT_PEF;PEF Métro;3322;34
Disjoncteur_DBT_PEF;PEF Métro;3323;35
Disjoncteur_DBT_PEF;PEF Métro;3324;36
Disjoncteur_DBT_PEF;PEF Métro;3325;37
Disjoncteur_DBT_PEF;PEF Métro;3326;38
Disjoncteur_DBT_PEF;PEF Métro;3327;39
Disjoncteur_DBT_PEF;PEF Métro;3328;40
Disjoncteur_DBT_PEF;PEF Métro;3329;41
Disjoncteur_DBT_PEF;PEF Métro;3330;42
Disjoncteur_DBT_PEF;PEF Métro;3331;43
Disjoncteur_DBT_PEF;PEF Métro;3332;44
Disjoncteur_DBT_PEF;PEF Métro;3333;45
Disjoncteur_DBT_PEF;PEF Métro;3334;1001
Disjoncteur_DBT_PEF;PEF Métro;3335;1002
Disjoncteur_DBT_PEF;PEF Métro;3336;1003
Disjoncteur_DBT_PEF;PEF Métro;3337;1004
Disjoncteur_DBT_PEF;PEF Métro;3338;1005
Disjoncteur_DBT_PEF;PEF Métro;3339;1006
Disjoncteur_DBT_PEF;PEF Métro;3340;1014
EAT_GTC;Centrale téléphonique via un API GTC(EAT_GTC);3341;999999
CP_CA;Capteurs centrale alarme métro fils de ECENTRALE;3342;7
CP_CA;Capteurs centrale alarme métro fils de ECENTRALE;3343;8
CP_CA;Capteurs centrale alarme métro fils de ECENTRALE;3344;9
ECENTRALE;Centrale alarme métro;3345;1005
PC_I;PC industriel;3346;5
PC_I;PC industriel;3347;6
PC_I;PC industriel;3348;1001
PC_I;PC industriel;3349;1014
EEAS;Eqpt d'Accès Sono CDSMG et Symphonie;3350;1
EEAT;Eqpt d'Accès Téléphonie CDSMG et Symphonie;3351;2
EEAV;Eqpt d'Accès Vidéo CDSMG et Symphonie;3352;999999
EEAV;Eqpt d'Accès Vidéo CDSMG et Symphonie;3353;1000
EM;Escalier Mécanique;3354;1014
EM;Escalier Mécanique;3355;1015
EM_Re;Escalier Mécanique à Relais;3356;19
EM_Re;Escalier Mécanique à Relais;3357;1014
EM_Re;Escalier Mécanique à Relais;3358;1015
ALMTC;alarme de synthèse de divers équipements;3359;999999
E_A2007;ADUP Automate de service 2007 type6;3360;4
E_A2007;ADUP Automate de service 2007 type6;3361;5
E_A2007;ADUP Automate de service 2007 type6;3362;15
E_A2007;ADUP Automate de service 2007 type6;3363;16
E_A2007;ADUP Automate de service 2007 type6;3364;27
E_A2007;ADUP Automate de service 2007 type6;3365;28
E_A2007;ADUP Automate de service 2007 type6;3366;29
E_A2007;ADUP Automate de service 2007 type6;3367;30
E_A2007;ADUP Automate de service 2007 type6;3368;44
E_A2007;ADUP Automate de service 2007 type6;3369;45
E_A2007;ADUP Automate de service 2007 type6;3370;48
E_A2007;ADUP Automate de service 2007 type6;3371;49
E_A2007;ADUP Automate de service 2007 type6;3372;50
E_A2007;ADUP Automate de service 2007 type6;3373;51
E_A2007;ADUP Automate de service 2007 type6;3374;52
E_A2007;ADUP Automate de service 2007 type6;3375;53
E_A2007;ADUP Automate de service 2007 type6;3376;67
E_A2007;ADUP Automate de service 2007 type6;3377;68
E_A2007;ADUP Automate de service 2007 type6;3378;69
E_A2007;ADUP Automate de service 2007 type6;3379;70
E_A2007;ADUP Automate de service 2007 type6;3380;71
E_A2007;ADUP Automate de service 2007 type6;3381;72
E_A2007;ADUP Automate de service 2007 type6;3382;74
E_A2007;ADUP Automate de service 2007 type6;3383;75
E_A2007;ADUP Automate de service 2007 type6;3384;90
E_A2007;ADUP Automate de service 2007 type6;3385;91
E_A2007;ADUP Automate de service 2007 type6;3386;92
E_A2007;ADUP Automate de service 2007 type6;3387;94
E_A2007;ADUP Automate de service 2007 type6;3388;95
E_A2007;ADUP Automate de service 2007 type6;3389;96
E_A2007;ADUP Automate de service 2007 type6;3390;97
E_A2007;ADUP Automate de service 2007 type6;3391;98
E_A2007;ADUP Automate de service 2007 type6;3392;103
E_A2007;ADUP Automate de service 2007 type6;3393;104
E_A2007;ADUP Automate de service 2007 type6;3394;109
E_A2007;ADUP Automate de service 2007 type6;3395;111
E_A2007;ADUP Automate de service 2007 type6;3396;112
E_A2007;ADUP Automate de service 2007 type6;3397;113
E_A2007;ADUP Automate de service 2007 type6;3398;128
E_A2007;ADUP Automate de service 2007 type6;3399;129
E_A2007;ADUP Automate de service 2007 type6;3400;131
E_A2007;ADUP Automate de service 2007 type6;3401;132
E_A2007;ADUP Automate de service 2007 type6;3402;133
E_A2007;ADUP Automate de service 2007 type6;3403;134
E_A2007;ADUP Automate de service 2007 type6;3404;135
E_A2007;ADUP Automate de service 2007 type6;3405;136
E_A2007;ADUP Automate de service 2007 type6;3406;137
E_A2007;ADUP Automate de service 2007 type6;3407;138
E_A2007;ADUP Automate de service 2007 type6;3408;139
E_A2007;ADUP Automate de service 2007 type6;3409;140
E_A2007;ADUP Automate de service 2007 type6;3410;141
E_A2007;ADUP Automate de service 2007 type6;3411;150
E_A2007;ADUP Automate de service 2007 type6;3412;151
E_A2007;ADUP Automate de service 2007 type6;3413;152
E_A2007;ADUP Automate de service 2007 type6;3414;153
E_A2007;ADUP Automate de service 2007 type6;3415;154
E_A2007;ADUP Automate de service 2007 type6;3416;161
E_A2007;ADUP Automate de service 2007 type6;3417;162
E_A2007;ADUP Automate de service 2007 type6;3418;163
E_A2007;ADUP Automate de service 2007 type6;3419;164
E_A2007;ADUP Automate de service 2007 type6;3420;165
E_A2007;ADUP Automate de service 2007 type6;3421;166
E_A2007;ADUP Automate de service 2007 type6;3422;167
E_A2007;ADUP Automate de service 2007 type6;3423;168
E_A2007;ADUP Automate de service 2007 type6;3424;169
E_A2007;ADUP Automate de service 2007 type6;3425;170
E_A2007;ADUP Automate de service 2007 type6;3426;171
E_A2007;ADUP Automate de service 2007 type6;3427;172
E_A2007;ADUP Automate de service 2007 type6;3428;173
E_A2007;ADUP Automate de service 2007 type6;3429;174
E_A2007;ADUP Automate de service 2007 type6;3430;175
E_A2007;ADUP Automate de service 2007 type6;3431;177
E_A2007;ADUP Automate de service 2007 type6;3432;178
E_A2007;ADUP Automate de service 2007 type6;3433;182
E_A2007;ADUP Automate de service 2007 type6;3434;183
E_A2007;ADUP Automate de service 2007 type6;3435;184
E_A2007;ADUP Automate de service 2007 type6;3436;185
E_A2007;ADUP Automate de service 2007 type6;3437;188
E_A2007;ADUP Automate de service 2007 type6;3438;191
E_A2007;ADUP Automate de service 2007 type6;3439;192
E_A2007;ADUP Automate de service 2007 type6;3440;195
E_A2007;ADUP Automate de service 2007 type6;3441;200
E_A2007;ADUP Automate de service 2007 type6;3442;201
E_A2007;ADUP Automate de service 2007 type6;3443;225
E_A2007;ADUP Automate de service 2007 type6;3444;226
E_A2007;ADUP Automate de service 2007 type6;3445;227
E_A2007;ADUP Automate de service 2007 type6;3446;228
E_A2007;ADUP Automate de service 2007 type6;3447;229
E_A2007;ADUP Automate de service 2007 type6;3448;230
E_A2007;ADUP Automate de service 2007 type6;3449;231
E_A2007;ADUP Automate de service 2007 type6;3450;232
E_A2007;ADUP Automate de service 2007 type6;3451;233
E_A2007;ADUP Automate de service 2007 type6;3452;234
E_A2007;ADUP Automate de service 2007 type6;3453;235
E_A2007;ADUP Automate de service 2007 type6;3454;236
E_A2007;ADUP Automate de service 2007 type6;3455;237
E_A2007;ADUP Automate de service 2007 type6;3456;238
E_A2007;ADUP Automate de service 2007 type6;3457;239
E_A2007;ADUP Automate de service 2007 type6;3458;240
E_A2007;ADUP Automate de service 2007 type6;3459;241
E_A2007;ADUP Automate de service 2007 type6;3460;242
E_A2007;ADUP Automate de service 2007 type6;3461;243
E_A2007;ADUP Automate de service 2007 type6;3462;244
E_A2007;ADUP Automate de service 2007 type6;3463;245
E_A2007;ADUP Automate de service 2007 type6;3464;246
E_A2007;ADUP Automate de service 2007 type6;3465;724
E_A2007;ADUP Automate de service 2007 type6;3466;900
E_ADUP;Appareil Distributeur à l'Usage du Public type2;3467;701
E_ADUP;Appareil Distributeur à l'Usage du Public type2;3468;900
E_ADUP;Appareil Distributeur à l'Usage du Public type2;3469;1000
E_AE5G;Equipement API AE5G;3470;3
E_AE5G;Equipement API AE5G;3471;4
E_AE5G;Equipement API AE5G;3472;5
E_AE5G;Equipement API AE5G;3473;6
E_AE5G;Equipement API AE5G;3474;700
E_AE5G;Equipement API AE5G;3475;1001
E_AE5G;Equipement API AE5G;3476;1002
E_AE5G;Equipement API AE5G;3477;1003
E_AE5G;Equipement API AE5G;3478;1004
E_AE5G;Equipement API AE5G;3479;1005
E_API_GARE;API Gare CDSMG;3480;1001
E_API_GARE;API Gare CDSMG;3481;1002
E_API_GARE;API Gare CDSMG;3482;1005
E_AS;ADUP AS PARKEON  type3;3483;99
E_AS;ADUP AS PARKEON  type3;3484;100
E_AS;ADUP AS PARKEON  type3;3485;101
E_AS;ADUP AS PARKEON  type3;3486;102
E_AS;ADUP AS PARKEON  type3;3487;103
E_AS;ADUP AS PARKEON  type3;3488;104
E_BAIE_SONO;Baie Sono CDSMG;3489;999999
E_CALARME;Centrale alarme RER CDSMG;3490;999999
E_CALARME;Centrale alarme RER CDSMG;3491;1005
E_CALARME;Centrale alarme RER CDSMG;3492;1016
E_CES;Concentrateur En Station;3493;999999
E_CTL_EPIS;Controleur de l'EPIS CDSMG;3494;1
E_CTL_EPIS;Controleur de l'EPIS CDSMG;3495;2
E_CTL_EPIS;Controleur de l'EPIS CDSMG;3496;3
E_CTL_EPIS;Controleur de l'EPIS CDSMG;3497;4
E_CTL_EPIS;Controleur de l'EPIS CDSMG;3498;5
E_CTL_EPIS;Controleur de l'EPIS CDSMG;3499;6
E_CTL_EPIS;Controleur de l'EPIS CDSMG;3500;10
E_CTL_EPIS;Controleur de l'EPIS CDSMG;3501;11
E_CTL_EPIS;Controleur de l'EPIS CDSMG;3502;12
E_CTL_EPIS;Controleur de l'EPIS CDSMG;3503;13
E_CTL_EPIS;Controleur de l'EPIS CDSMG;3504;14
E_CTL_EPIS;Controleur de l'EPIS CDSMG;3505;18
E_CTL_EPIS;Controleur de l'EPIS CDSMG;3506;19
E_CTL_EPIS;Controleur de l'EPIS CDSMG;3507;20
E_CTL_EPIS;Controleur de l'EPIS CDSMG;3508;21
E_CTL_EPIS;Controleur de l'EPIS CDSMG;3509;22
E_CTL_EPIS;Controleur de l'EPIS CDSMG;3510;23
E_CTL_EPIS;Controleur de l'EPIS CDSMG;3511;24
E_CTL_EPIS;Controleur de l'EPIS CDSMG;3512;25
E_CTL_EPIS;Controleur de l'EPIS CDSMG;3513;26
E_CTL_EPIS;Controleur de l'EPIS CDSMG;3514;27
E_CTL_EPIS;Controleur de l'EPIS CDSMG;3515;28
E_CTL_EPIS;Controleur de l'EPIS CDSMG;3516;29
E_CTL_EPIS;Controleur de l'EPIS CDSMG;3517;30
E_CTL_EPIS;Controleur de l'EPIS CDSMG;3518;31
E_CTL_EPIS;Controleur de l'EPIS CDSMG;3519;32
E_CTL_EPIS;Controleur de l'EPIS CDSMG;3520;33
E_CTL_EPIS;Controleur de l'EPIS CDSMG;3521;34
E_CTL_EPIS;Controleur de l'EPIS CDSMG;3522;1000
E_CTL_EPIS;Controleur de l'EPIS CDSMG;3523;1001
E_ECS;Eqpt concentrateur Vente et Contrôle d'accès(ECS);3524;1001
E_ECS;Eqpt concentrateur Vente et Contrôle d'accès(ECS);3525;1002
E_ECS;Eqpt concentrateur Vente et Contrôle d'accès(ECS);3526;1003
E_ECS;Eqpt concentrateur Vente et Contrôle d'accès(ECS);3527;1004
E_ECS;Eqpt concentrateur Vente et Contrôle d'accès(ECS);3528;1005
E_ECS;Eqpt concentrateur Vente et Contrôle d'accès(ECS);3529;1006
E_EPIS;Mur d'écran EPIS CDSMG;3530;3
E_EPIS;Mur d'écran EPIS CDSMG;3531;4
E_EPIS;Mur d'écran EPIS CDSMG;3532;6
E_EPIS;Mur d'écran EPIS CDSMG;3533;7
E_EPIS;Mur d'écran EPIS CDSMG;3534;9
E_EPIS;Mur d'écran EPIS CDSMG;3535;10
E_EPIS;Mur d'écran EPIS CDSMG;3536;12
E_EPIS;Mur d'écran EPIS CDSMG;3537;13
E_EPIS;Mur d'écran EPIS CDSMG;3538;15
E_EPIS;Mur d'écran EPIS CDSMG;3539;16
E_EPIS;Mur d'écran EPIS CDSMG;3540;18
E_EPIS;Mur d'écran EPIS CDSMG;3541;19
E_EPIS;Mur d'écran EPIS CDSMG;3542;21
E_EPIS;Mur d'écran EPIS CDSMG;3543;22
E_EPIS;Mur d'écran EPIS CDSMG;3544;24
E_EPIS;Mur d'écran EPIS CDSMG;3545;25
E_EPIS;Mur d'écran EPIS CDSMG;3546;27
E_EPIS;Mur d'écran EPIS CDSMG;3547;28
E_EPIS;Mur d'écran EPIS CDSMG;3548;30
E_EPIS;Mur d'écran EPIS CDSMG;3549;31
E_EPIS;Mur d'écran EPIS CDSMG;3550;33
E_EPIS;Mur d'écran EPIS CDSMG;3551;34
E_EPIS;Mur d'écran EPIS CDSMG;3552;36
E_EPIS;Mur d'écran EPIS CDSMG;3553;37
E_EPIS;Mur d'écran EPIS CDSMG;3554;39
E_EPIS;Mur d'écran EPIS CDSMG;3555;40
E_EPIS;Mur d'écran EPIS CDSMG;3556;42
E_EPIS;Mur d'écran EPIS CDSMG;3557;43
E_EPIS;Mur d'écran EPIS CDSMG;3558;45
E_EPIS;Mur d'écran EPIS CDSMG;3559;46
E_EPIS;Mur d'écran EPIS CDSMG;3560;48
E_EPIS;Mur d'écran EPIS CDSMG;3561;49
E_EPIS;Mur d'écran EPIS CDSMG;3562;51
E_EPIS;Mur d'écran EPIS CDSMG;3563;52
E_EPIS;Mur d'écran EPIS CDSMG;3564;54
E_EPIS;Mur d'écran EPIS CDSMG;3565;55
E_EPIS;Mur d'écran EPIS CDSMG;3566;56
E_EPIS;Mur d'écran EPIS CDSMG;3567;57
E_EPIS;Mur d'écran EPIS CDSMG;3568;58
E_EPIS;Mur d'écran EPIS CDSMG;3569;59
E_EPIS;Mur d'écran EPIS CDSMG;3570;60
E_EPIS;Mur d'écran EPIS CDSMG;3571;61
E_EPIS;Mur d'écran EPIS CDSMG;3572;62
E_EPIS;Mur d'écran EPIS CDSMG;3573;63
E_EPIS;Mur d'écran EPIS CDSMG;3574;64
E_EPIS;Mur d'écran EPIS CDSMG;3575;65
E_EPIS;Mur d'écran EPIS CDSMG;3576;66
E_EPIS;Mur d'écran EPIS CDSMG;3577;67
E_EPIS;Mur d'écran EPIS CDSMG;3578;68
E_EPIS;Mur d'écran EPIS CDSMG;3579;69
E_EPIS;Mur d'écran EPIS CDSMG;3580;70
E_EPIS;Mur d'écran EPIS CDSMG;3581;72
E_EPIS;Mur d'écran EPIS CDSMG;3582;73
E_EPIS;Mur d'écran EPIS CDSMG;3583;75
E_EPIS;Mur d'écran EPIS CDSMG;3584;76
E_EPIS;Mur d'écran EPIS CDSMG;3585;78
E_EPIS;Mur d'écran EPIS CDSMG;3586;79
E_EPIS;Mur d'écran EPIS CDSMG;3587;81
E_EPIS;Mur d'écran EPIS CDSMG;3588;82
E_EPIS;Mur d'écran EPIS CDSMG;3589;83
E_EPIS;Mur d'écran EPIS CDSMG;3590;84
E_EPIS;Mur d'écran EPIS CDSMG;3591;85
E_EPIS;Mur d'écran EPIS CDSMG;3592;86
E_EPIS;Mur d'écran EPIS CDSMG;3593;87
E_EPIS;Mur d'écran EPIS CDSMG;3594;88
E_EPIS;Mur d'écran EPIS CDSMG;3595;89
E_EPIS;Mur d'écran EPIS CDSMG;3596;90
E_EPIS;Mur d'écran EPIS CDSMG;3597;1000
E_EPISCONFIGURATION;Objet de configuration mur d'écrans CDSMG;3598;999999
E_EPISCONFIGURATION;Objet de configuration mur d'écrans CDSMG;3599;1
E_EPISCONFIGURATION;Objet de configuration mur d'écrans CDSMG;3600;2
E_EPISCONFIGURATION;Objet de configuration mur d'écrans CDSMG;3601;3
E_EPISCONFIGURATION;Objet de configuration mur d'écrans CDSMG;3602;4
E_LC;Ligne de Contrôle générique;3603;38
E_LC;Ligne de Contrôle générique;3604;39
E_LECTEUR;Lecteur 3G;3605;999999
E_LECTEUR;Lecteur 3G;3606;1
E_LECTEUR;Lecteur 3G;3607;2
E_LECTEUR;Lecteur 3G;3608;3
E_PAVEL;Controle acces type PAVEL;3609;999999
E_PAVEL;Controle acces type PAVEL;3610;1
E_PAVEL;Controle acces type PAVEL;3611;2
E_PAVEL;Controle acces type PAVEL;3612;3
E_PAVEL;Controle acces type PAVEL;3613;4
E_PEM;Passages Elargis Motorisés;3614;999999
E_PS;Portillon de service CDSMG;3615;999999
E_SECURITE_INCENDIE;Eqt sécurité incendie E_SSI et E_SPRINKLER;3616;1
E_SECURITE_INCENDIE;Eqt sécurité incendie E_SSI et E_SPRINKLER;3617;2
E_SECURITE_INCENDIE;Eqt sécurité incendie E_SSI et E_SPRINKLER;3618;1014
E_ZFS_BAIE_SONO;Zone de sonorisation CDSMG;3619;13
E_ZFS_BAIE_SONO;Zone de sonorisation CDSMG;3620;14
E_ZFS_BAIE_SONO;Zone de sonorisation CDSMG;3621;15
Eclairage_ERM_CDS;Eqpt armoire éclairage accédé via API ERM(CDS RER);3622;999999
Grille;Grille Motorisée;3623;15
Grille;Grille Motorisée;3624;1009
Grille;Grille Motorisée;3625;1014
Haut_Parleur_GTC;Haut parleur via un API GTC;3626;999999
Imprimante;IMPRIMANTE bureau station CDSMG et Symphonie;3627;1
Imprimante;IMPRIMANTE bureau station CDSMG et Symphonie;3628;2
Imprimante;IMPRIMANTE bureau station CDSMG et Symphonie;3629;3
Imprimante;IMPRIMANTE bureau station CDSMG et Symphonie;3630;1000
Imprimante;IMPRIMANTE bureau station CDSMG et Symphonie;3631;1001
Imprimante;IMPRIMANTE bureau station CDSMG et Symphonie;3632;1014
IPH_GTC;Interphone via un API concentrateur GTC;3633;999999
IssueDeSecours;Issue De Secours Projets lieux;3634;999999
IssueDeSecours;Issue De Secours Projets lieux;3635;1
IssueDeSecours;Issue De Secours Projets lieux;3636;1014
MoniteurTeleaff;MoniteurTeleaffichage Pointe du Lac;3637;999999
MoniteurTeleaff;MoniteurTeleaffichage Pointe du Lac;3638;1
MoniteurTeleaff;MoniteurTeleaffichage Pointe du Lac;3639;2
MoniteurTeleaff;MoniteurTeleaffichage Pointe du Lac;3640;3
MoniteurTeleaff;MoniteurTeleaffichage Pointe du Lac;3641;4
MoniteurTeleaff;MoniteurTeleaffichage Pointe du Lac;3642;5
MoniteurTeleaff;MoniteurTeleaffichage Pointe du Lac;3643;6
MoniteurTeleaff;MoniteurTeleaffichage Pointe du Lac;3644;7
MoniteurTeleaff;MoniteurTeleaffichage Pointe du Lac;3645;8
MoniteurTeleaff;MoniteurTeleaffichage Pointe du Lac;3646;9
MoniteurTeleaff;MoniteurTeleaffichage Pointe du Lac;3647;10
MoniteurTeleaff;MoniteurTeleaffichage Pointe du Lac;3648;1000
MoniteurTeleaff;MoniteurTeleaffichage Pointe du Lac;3649;1001
MoniteurTeleaff;MoniteurTeleaffichage Pointe du Lac;3650;1014
Onduleur;Onduleur;3651;1014
Pedale_GTC;Pédale d'alarme agression via API GTC;3652;999999
Peigne;Eqt Peigne sur stations LMPG et BH;3653;999999
Peigne;Eqt Peigne sur stations LMPG et BH;3654;1
Peigne;Eqt Peigne sur stations LMPG et BH;3655;1014
PompeDeRelevageSousQuai;Eqt Pompe De Relevage Sous Quai station AGLA;3656;999999
PompeDeRelevageSousQuai;Eqt Pompe De Relevage Sous Quai station AGLA;3657;1
PompeDeRelevageSousQuai;Eqt Pompe De Relevage Sous Quai station AGLA;3658;1014
Radar_GTC;Radar Zone effraction via API  GTC;3659;999999
SDP;Serveur de ports;3660;1014
Sono_GTC;Sonorisation accédé via API GTC (CDS RER);3664;999999
Sono_GTC;Sonorisation accédé via API GTC (CDS RER);3665;1
Sono_GTC;Sonorisation accédé via API GTC (CDS RER);3666;2
Sono_GTC;Sonorisation accédé via API GTC (CDS RER);3667;3
Sono_GTC;Sonorisation accédé via API GTC (CDS RER);3668;4
Sono_GTC;Sonorisation accédé via API GTC (CDS RER);3669;5
Sono_GTC;Sonorisation accédé via API GTC (CDS RER);3670;6
SWITCH;Switch;3671;1000
SWITCH;Switch;3672;1014
TPV;Terminal Point de Vente;3673;1014
Trottoir_Roulant;Trottoir Roulant;3674;1009
Trottoir_Roulant;Trottoir Roulant;3675;1014
Trottoir_Roulant;Trottoir Roulant;3676;1015
Trottoir_Roulant_R;Trottoir Roulant à Relais;3677;19
Trottoir_Roulant_R;Trottoir Roulant à Relais;3678;1009
Trottoir_Roulant_R;Trottoir Roulant à Relais;3679;1014
Trottoir_Roulant_R;Trottoir Roulant à Relais;3680;1015
UTL_GTC;Unité Traitement Local via un API GTC(CDS RER);3681;999999
VLE;Ventilateur locaux électriques;3682;999999
VLE;Ventilateur locaux électriques;3683;1
VLE;Ventilateur locaux électriques;3684;3
VLE;Ventilateur locaux électriques;3685;5
Ventilateur;Ventilateur;3686;1010
Zone_Agression_GTC;Zone agression via un API  GTC (CDS RER);3687;999999
Zone_Agression_GTC;Zone agression via un API  GTC (CDS RER);3688;8
Zone_Agression_GTC;Zone agression via un API  GTC (CDS RER);3689;9
Zone_Agression_GTC;Zone agression via un API  GTC (CDS RER);3690;10
Zone_Agression_GTC;Zone agression via un API  GTC (CDS RER);3691;11
Zone_Agression_GTC;Zone agression via un API  GTC (CDS RER);3692;12
Zone_Agression_GTC;Zone agression via un API  GTC (CDS RER);3693;13
Zone_Effraction_ADUP_GTC;Zone Effraction ADUP via API  GTC (CDS RER);3694;999999
Zone_Effraction_GTC;Zone effraction via API GTC(Zone_Effraction_GTC);3695;999999
Zone_Effraction_GTC;Zone effraction via API GTC(Zone_Effraction_GTC);3696;8
Zone_Effraction_GTC;Zone effraction via API GTC(Zone_Effraction_GTC);3697;9
Zone_Effraction_GTC;Zone effraction via API GTC(Zone_Effraction_GTC);3698;10
Zone_Effraction_GTC;Zone effraction via API GTC(Zone_Effraction_GTC);3699;11
Zone_Effraction_GTC;Zone effraction via API GTC(Zone_Effraction_GTC);3700;12
Zone_Effraction_GTC;Zone effraction via API GTC(Zone_Effraction_GTC);3701;13
Zone_Sono_GTC;Zone de sonorisation via un API GTC (CDS RER);3702;999999
PEP_station;Poste d'épuisement station;3703;999999
PEP_station;Poste d'épuisement station;3704;2
PEP_station;Poste d'épuisement station;3705;3
PEP_station;Poste d'épuisement station;3706;4
PEP_station;Poste d'épuisement station;3707;5
PEP_station;Poste d'épuisement station;3708;6
PEP_station;Poste d'épuisement station;3709;8
PEP_station;Poste d'épuisement station;3710;9
PEP_station;Poste d'épuisement station;3711;10
PEP_station;Poste d'épuisement station;3712;11
PEP_station;Poste d'épuisement station;3713;12
PEP_station;Poste d'épuisement station;3714;13
PEP_station;Poste d'épuisement station;3715;14
PEP_station;Poste d'épuisement station;3716;15
PEP_station;Poste d'épuisement station;3717;17
PEP_station;Poste d'épuisement station;3718;18
PEP_station;Poste d'épuisement station;3719;19
PEP_station;Poste d'épuisement station;3720;20
PEP_station;Poste d'épuisement station;3721;21
PEP_station;Poste d'épuisement station;3722;22
PEP_station;Poste d'épuisement station;3723;23
PEP_station;Poste d'épuisement station;3724;24
PEP_station;Poste d'épuisement station;3725;25
PEP_station;Poste d'épuisement station;3726;26
PEP_station;Poste d'épuisement station;3727;27
PEP_station;Poste d'épuisement station;3728;28
PEP_station;Poste d'épuisement station;3729;29
PEP_station;Poste d'épuisement station;3730;30
PEP_station;Poste d'épuisement station;3731;31
PEP_station;Poste d'épuisement station;3732;32
PEP_station;Poste d'épuisement station;3733;1000
PEP_station;Poste d'épuisement station;3734;1001
PEP_station;Poste d'épuisement station;3735;1002
PEP_station;Poste d'épuisement station;3736;1003
PEP_station;Poste d'épuisement station;3737;1004
PEP_station;Poste d'épuisement station;3738;1005
PEP_station;Poste d'épuisement station;3739;1006
PEP_station;Poste d'épuisement station;3740;1014
IMAGE_V4;Afficheur IMAGE V4;3757;999999
BAES_IP;BAES en mode direct;3758;1000
PEF;PEF;3759;1
PEF;PEF;3760;2
PEF;PEF;3761;3
PEF;PEF;3762;1014
PorteCoulissante;PorteCoulissante;3763;1
PorteCoulissante;PorteCoulissante;3764;1014
IMAGE_V4;Afficheur IMAGE V4;3741;1000
IMAGE_V4;Afficheur IMAGE V4;3742;1001
IMAGE_V4;Afficheur IMAGE V4;3743;1002
IMAGE_V4;Afficheur IMAGE V4;3744;1003
IMAGE_V4;Afficheur IMAGE V4;3745;1
IMAGE_V4;Afficheur IMAGE V4;3746;2
IMAGE_V4;Afficheur IMAGE V4;3747;3
IMAGE_V4;Afficheur IMAGE V4;3748;4
IMAGE_V4;Afficheur IMAGE V4;3749;5
IMAGE_V4;Afficheur IMAGE V4;3750;6
IMAGE_V4;Afficheur IMAGE V4;3751;7
IMAGE_V4;Afficheur IMAGE V4;3752;8
IMAGE_V4;Afficheur IMAGE V4;3753;9
IMAGE_V4;Afficheur IMAGE V4;3754;10
IMAGE_V4;Afficheur IMAGE V4;3755;11
IMAGE_V4;Afficheur IMAGE V4;3756;1014
